,date,name,budget,domesticgross,worldwidegross,Total,Result
0,5/1/2015,Avengers: Age of Ultron,"$330,600,000","$459,005,868","$1,408,218,722",1867224590.0,Profit
1,12/18/2015,Star Wars Ep. VII: The Force Awakens,"$306,000,000","$936,662,225","$2,058,662,225",2995324450.0,Profit
2,4/27/2018,Avengers: Infinity War,"$300,000,000","$654,733,699","$1,998,033,699",2652767398.0,Profit
3,11/17/2017,Justice League,"$300,000,000","$229,024,295","$655,953,446",884977741.0,Profit
4,11/6/2015,Spectre,"$300,000,000","$200,074,175","$879,620,923",1079695098.0,Profit
5,7/2/2013,The Lone Ranger,"$275,000,000","$89,302,115","$260,002,115",349304230.0,Profit
6,5/6/2016,Captain America: Civil War,"$250,000,000","$408,084,349","$1,153,304,495",1561388844.0,Profit
7,3/25/2016,Batman v Superman: Dawn of Justice,"$250,000,000","$330,360,194","$868,160,194",1198520388.0,Profit
8,12/13/2013,The Hobbit: The Desolation of Smaug,"$250,000,000","$258,366,855","$960,366,855",1218733710.0,Profit
9,12/17/2014,The Hobbit: The Battle of the Five Armies,"$250,000,000","$255,119,788","$955,119,788",1210239576.0,Profit
10,4/14/2017,The Fate of the Furious,"$250,000,000","$225,764,765","$1,237,466,026",1463230791.0,Profit
11,5/26/2017,Pirates of the Caribbean: Dead Men Tell No Tales,"$230,000,000","$172,558,876","$790,697,888",963256764.0,Profit
12,6/14/2013,Man of Steel,"$225,000,000","$291,045,518","$667,999,518",959045036.0,Profit
13,6/21/2017,Transformers: The Last Knight,"$217,000,000","$130,168,683","$603,968,683",734137366.0,Profit
14,6/12/2015,Jurassic World,"$215,000,000","$652,270,625","$1,671,713,208",2323983833.0,Profit
15,6/27/2014,Transformers: Age of Extinction,"$210,000,000","$245,439,076","$1,104,039,076",1349478152.0,Profit
16,2/16/2018,Black Panther,"$200,000,000","$699,388,067","$1,346,399,843",2045787910.0,Profit
17,12/16/2016,Rogue One: A Star Wars Story,"$200,000,000","$532,177,324","$1,050,988,488",1583165812.0,Profit
18,6/17/2016,Finding Dory,"$200,000,000","$486,295,561","$1,022,617,376",1508912937.0,Profit
19,5/3/2013,Iron Man 3,"$200,000,000","$408,992,272","$1,215,392,272",1624384544.0,Profit
20,5/5/2017,Guardians of the Galaxy Vol 2,"$200,000,000","$389,813,101","$862,889,714",1252702815.0,Profit
21,6/21/2013,Monsters University,"$200,000,000","$268,488,329","$743,588,329",1012076658.0,Profit
22,3/8/2013,Oz the Great and Powerful,"$200,000,000","$234,770,996","$490,359,051",725130047.0,Profit
23,5/23/2014,X-Men: Days of Future Past,"$200,000,000","$233,921,534","$747,862,775",981784309.0,Profit
24,5/2/2014,The Amazing Spider-Man 2,"$200,000,000","$202,853,933","$708,996,336",911850269.0,Profit
25,6/9/2017,The Mummy,"$195,000,000","$80,101,125","$410,333,326",490434451.0,Profit
26,3/1/2013,Jack the Giant Slayer,"$195,000,000","$65,187,603","$197,687,603",262875206.0,Profit
27,4/3/2015,Furious 7,"$190,000,000","$353,007,020","$1,518,722,794",1871729814.0,Profit
28,5/16/2013,Star Trek Into Darkness,"$190,000,000","$228,778,661","$467,381,584",696160245.0,Profit
29,6/21/2013,World War Z,"$190,000,000","$202,359,711","$531,514,650",733874361.0,Profit
30,5/10/2013,The Great Gatsby,"$190,000,000","$144,840,419","$351,040,419",495880838.0,Profit
31,7/12/2013,Pacific Rim,"$190,000,000","$101,802,906","$411,002,906",512805812.0,Profit
32,11/25/2015,The Good Dinosaur,"$187,500,000","$123,087,120","$334,350,427",457437547.0,Profit
33,3/10/2017,Kong: Skull Island,"$185,000,000","$168,052,812","$561,137,727",729190539.0,Profit
34,7/22/2016,Star Trek Beyond,"$185,000,000","$158,848,340","$336,398,312",495246652.0,Profit
35,10/6/2017,Blade Runner 2049,"$185,000,000","$92,054,159","$259,356,836",351410995.0,Profit
36,11/3/2017,Thor: Ragnarok,"$180,000,000","$315,058,289","$850,653,412",1165711701.0,Profit
37,5/30/2014,Maleficent,"$180,000,000","$241,407,328","$758,536,735",999944063.0,Profit
38,11/18/2016,Fantastic Beasts and Where to Find Them,"$180,000,000","$234,037,575","$803,798,342",1037835917.0,Profit
39,7/1/2016,The Legend of Tarzan,"$180,000,000","$126,643,061","$349,143,061",475786122.0,Profit
40,7/21/2017,Valerian and the City of a Thousand Planets,"$180,000,000","$40,479,370","$215,116,144",255595514.0,Profit
41,2/6/2015,Jupiter Ascending,"$179,000,000","$47,482,519","$181,982,519",229465038.0,Profit
42,5/27/2016,X-Men: Apocalypse,"$178,000,000","$155,442,489","$542,742,489",698184978.0,Profit
43,6/6/2014,Edge of Tomorrow,"$178,000,000","$100,206,256","$370,541,256",470747512.0,Profit
44,4/15/2016,The Jungle Book,"$175,000,000","$364,001,123","$963,841,800",1327842923.0,Profit
45,6/19/2015,Inside Out,"$175,000,000","$356,461,711","$857,720,660",1214182371.0,Profit
46,7/7/2017,Spider-Man: Homecoming,"$175,000,000","$334,201,140","$880,210,429",1214411569.0,Profit
47,8/5/2016,Suicide Squad,"$175,000,000","$325,100,054","$746,100,054",1071200108.0,Profit
48,11/22/2017,Coco,"$175,000,000","$209,726,015","$800,126,850",1009852865.0,Profit
49,5/12/2017,King Arthur: Legend of the Sword,"$175,000,000","$39,175,066","$140,012,608",179187674.0,Profit
50,12/25/2013,47 Ronin,"$175,000,000","$38,362,475","$151,716,815",190079290.0,Profit
51,8/1/2014,Guardians of the Galaxy,"$170,000,000","$333,172,112","$771,051,335",1104223447.0,Profit
52,4/4/2014,Captain America: The Winter Soldier,"$170,000,000","$259,746,958","$714,401,889",974148847.0,Profit
53,7/11/2014,Dawn of the Planet of the Apes,"$170,000,000","$208,545,589","$710,644,566",919190155.0,Profit
54,5/22/2015,Tomorrowland,"$170,000,000","$93,436,322","$207,283,457",300719779.0,Profit
55,5/27/2016,Alice Through the Looking Glass,"$170,000,000","$77,042,381","$277,442,381",354484762.0,Profit
56,11/4/2016,Doctor Strange,"$165,000,000","$232,641,920","$677,541,920",910183840.0,Profit
57,11/7/2014,Big Hero 6,"$165,000,000","$222,527,828","$652,127,828",874655656.0,Profit
58,11/5/2014,Interstellar,"$165,000,000","$188,017,894","$667,752,422",855770316.0,Profit
59,6/24/2016,Independence Day: Resurgence,"$165,000,000","$103,144,286","$387,644,286",490788572.0,Profit
60,3/17/2017,Beauty and the Beast,"$160,000,000","$504,014,165","$1,262,967,006",1766981171.0,Profit
61,11/20/2015,The Hunger Games: Mockingjay - Part 2,"$160,000,000","$281,723,902","$650,523,427",932247329.0,Profit
62,5/24/2013,Fast and Furious 6,"$160,000,000","$238,679,850","$789,300,444",1027980294.0,Profit
63,5/16/2014,Godzilla,"$160,000,000","$200,676,069","$529,076,069",729752138.0,Profit
64,6/10/2016,Warcraft,"$160,000,000","$47,225,655","$433,125,655",480351310.0,Profit
65,9/30/2016,Deepwater Horizon,"$156,000,000","$61,433,527","$122,931,214",184364741.0,Profit
66,7/1/2015,Terminator: Genisys,"$155,000,000","$89,760,956","$440,160,956",529921912.0,Profit
67,3/23/2018,Pacific Rim: Uprising,"$155,000,000","$59,185,715","$289,260,123",348445838.0,Profit
68,7/14/2017,War for the Planet of the Apes,"$152,000,000","$146,880,162","$490,280,162",637160324.0,Profit
69,6/2/2017,Wonder Woman,"$150,000,000","$412,563,408","$817,012,815",1229576223.0,Profit
70,11/22/2013,Frozen,"$150,000,000","$400,738,009","$1,274,234,980",1674972989.0,Profit
71,3/4/2016,Zootopia,"$150,000,000","$341,268,248","$1,019,888,414",1361156662.0,Profit
72,11/23/2016,Moana,"$150,000,000","$248,757,044","$639,480,406",888237450.0,Profit
73,11/8/2013,Thor: The Dark World,"$150,000,000","$206,362,140","$644,602,516",850964656.0,Profit
74,7/31/2015,Mission: ImpossibleâRogue Nation,"$150,000,000","$195,042,377","$700,868,363",895910740.0,Profit
75,7/21/2017,Dunkirk,"$150,000,000","$190,068,280","$500,516,189",690584469.0,Profit
76,5/15/2015,Mad Max: Fury Road,"$150,000,000","$153,636,354","$370,742,166",524378520.0,Profit
77,3/29/2018,Ready Player One,"$150,000,000","$136,200,793","$580,500,793",716701586.0,Profit
78,6/28/2013,White House Down,"$150,000,000","$73,103,784","$205,440,387",278544171.0,Profit
79,2/17/2017,The Great Wall,"$150,000,000","$45,157,105","$334,550,106",379707211.0,Profit
80,10/9/2015,Pan,"$150,000,000","$35,088,320","$151,550,856",186639176.0,Profit
81,6/13/2014,How to Train Your Dragon 2,"$145,000,000","$177,002,924","$614,586,270",791589194.0,Profit
82,3/7/2014,Mr. Peabody & Sherman,"$145,000,000","$111,506,430","$269,806,430",381312860.0,Profit
83,7/15/2016,Ghostbusters,"$144,000,000","$128,350,574","$229,034,050",357384624.0,Profit
84,1/29/2016,Kung Fu Panda 3,"$140,000,000","$143,528,619","$518,614,383",662143002.0,Profit
85,3/27/2013,G.I. Joe: Retaliation,"$140,000,000","$122,523,060","$375,740,705",498263765.0,Profit
86,12/12/2014,Exodus: Gods and Kings,"$140,000,000","$65,014,513","$268,314,513",333329026.0,Profit
87,7/1/2016,The BFG,"$140,000,000","$55,483,770","$199,905,224",255388994.0,Profit
88,2/26/2016,Gods of Egypt,"$140,000,000","$31,153,464","$133,553,464",164706928.0,Profit
89,3/22/2013,The Croods,"$135,000,000","$187,168,425","$573,068,425",760236850.0,Profit
90,12/25/2015,The Revenant,"$135,000,000","$183,637,894","$532,950,503",716588397.0,Profit
91,7/17/2013,Turbo,"$135,000,000","$83,028,130","$286,896,578",369924708.0,Profit
92,6/3/2016,Teenage Mutant Ninja Turtles: Out of the Shadows,"$135,000,000","$82,051,601","$245,623,848",327675449.0,Profit
93,11/26/2014,Penguins of Madagascar,"$132,000,000","$83,350,911","$367,650,911",451001822.0,Profit
94,11/22/2013,The Hunger Games: Catching Fire,"$130,000,000","$424,668,047","$864,868,047",1289536094.0,Profit
95,7/17/2015,Ant-Man,"$130,000,000","$180,202,163","$519,338,048",699540211.0,Profit
96,3/27/2015,Home,"$130,000,000","$177,397,510","$386,069,390",563466900.0,Profit
97,4/11/2014,Rio 2,"$130,000,000","$131,538,435","$492,846,291",624384726.0,Profit
98,3/28/2014,Noah,"$130,000,000","$101,200,044","$352,831,065",454031109.0,Profit
99,5/31/2013,After Earth,"$130,000,000","$60,522,097","$251,499,665",312021762.0,Profit
100,7/19/2013,R.I.P.D.,"$130,000,000","$33,618,855","$79,076,678",112695533.0,Loss
101,3/3/2017,Logan,"$127,000,000","$226,277,068","$615,577,068",841854136.0,Profit
102,12/19/2014,Night at the Museum: Secret of the Tomb,"$127,000,000","$113,746,621","$356,546,621",470293242.0,Profit
103,11/21/2014,The Hunger Games: Mockingjay - Part 1,"$125,000,000","$337,135,885","$766,652,288",1103788173.0,Profit
104,8/8/2014,Teenage Mutant Ninja Turtles,"$125,000,000","$191,204,754","$485,004,754",676209508.0,Profit
105,3/31/2017,The Boss Baby,"$125,000,000","$175,003,033","$512,017,946",687020979.0,Profit
106,11/4/2016,Trolls,"$125,000,000","$153,707,064","$344,780,046",498487110.0,Profit
107,12/21/2016,Assassinâs Creed,"$125,000,000","$54,647,948","$240,497,948",295145896.0,Profit
108,1/13/2017,Monster Trucks,"$125,000,000","$33,370,166","$61,681,268",95051434.0,Loss
109,7/29/2016,Jason Bourne,"$120,000,000","$162,192,920","$416,197,059",578389979.0,Profit
110,4/13/2018,Rampage,"$120,000,000","$95,434,392","$415,058,821",510493213.0,Profit
111,8/9/2013,Elysium,"$120,000,000","$93,050,117","$286,192,091",379242208.0,Profit
112,4/19/2013,Oblivion,"$120,000,000","$89,107,235","$287,916,633",377023868.0,Profit
113,3/24/2017,Power Rangers,"$120,000,000","$85,364,450","$142,364,450",227728900.0,Profit
114,2/12/2014,RoboCop,"$120,000,000","$58,607,007","$242,981,799",301588806.0,Profit
115,8/7/2015,Fantastic Four,"$120,000,000","$56,117,548","$167,977,596",224095144.0,Profit
116,7/26/2013,The Wolverine,"$115,000,000","$132,556,852","$416,456,852",549013704.0,Profit
117,4/22/2016,The Huntsman: Winterâs War,"$115,000,000","$48,003,015","$165,149,302",213152317.0,Profit
118,12/15/2017,Ferdinand,"$111,000,000","$84,410,380","$290,772,436",375182816.0,Profit
119,5/18/2018,Deadpool 2,"$110,000,000","$278,665,541","$655,258,541",933924082.0,Profit
120,10/4/2013,Gravity,"$110,000,000","$274,092,705","$695,941,797",970034502.0,Profit
121,5/29/2015,San Andreas,"$110,000,000","$155,190,832","$467,151,160",622341992.0,Profit
122,3/20/2015,The Divergent Series: Insurgent,"$110,000,000","$130,179,072","$295,279,072",425458144.0,Profit
123,3/7/2014,300: Rise of an Empire,"$110,000,000","$106,580,051","$330,780,051",437360102.0,Profit
124,12/21/2016,Passengers,"$110,000,000","$100,014,699","$302,212,434",402227133.0,Profit
125,9/30/2016,Miss Peregrineâs Home for Peculiar Children,"$110,000,000","$87,242,834","$296,642,834",383885668.0,Profit
126,7/31/2013,The Smurfs 2,"$110,000,000","$71,017,784","$348,547,523",419565307.0,Profit
127,3/18/2016,The Divergent Series: Allegiant,"$110,000,000","$66,184,051","$171,484,051",237668102.0,Profit
128,11/1/2013,Ender's Game,"$110,000,000","$61,737,191","$127,983,283",189720474.0,Profit
129,3/31/2017,Ghost in the Shell,"$110,000,000","$40,563,557","$167,918,847",208482404.0,Profit
130,10/2/2015,The Martian,"$108,000,000","$228,433,663","$663,851,905",892285568.0,Profit
131,7/22/2016,Ice Age: Collision Course,"$105,000,000","$64,063,008","$403,841,637",467904645.0,Profit
132,9/22/2017,Kingsman: The Golden Circle,"$104,000,000","$100,234,838","$408,834,838",509069676.0,Profit
133,5/23/2013,The Hangover 3,"$103,000,000","$112,200,072","$362,000,072",474200144.0,Profit
134,3/9/2018,A Wrinkle in Time,"$103,000,000","$98,138,307","$122,361,013",220499320.0,Profit
135,12/25/2013,The Wolf of Wall Street,"$100,000,000","$116,900,694","$389,870,414",506771108.0,Profit
136,5/24/2013,Epic,"$100,000,000","$107,518,682","$262,794,441",370313123.0,Profit
137,7/25/2014,Hercules,"$100,000,000","$72,688,614","$243,388,614",316077228.0,Profit
138,8/15/2014,The Expendables 3,"$100,000,000","$39,322,544","$209,461,378",248783922.0,Profit
139,10/20/2017,Geostorm,"$100,000,000","$33,700,160","$220,800,160",254500320.0,Profit
140,12/25/2015,Point Break,"$100,000,000","$28,782,481","$128,170,295",156952776.0,Profit
141,12/11/2015,In the Heart of the Sea,"$100,000,000","$25,020,758","$90,420,758",115441516.0,Profit
142,4/18/2014,Transcendence,"$100,000,000","$23,022,309","$103,039,258",126061567.0,Profit
143,11/6/2015,The Peanuts Movie,"$99,000,000","$130,178,411","$250,474,038",380652449.0,Profit
144,5/19/2017,Alien: Covenant,"$97,000,000","$74,262,031","$238,862,031",313124062.0,Profit
145,3/13/2015,Cinderella,"$95,000,000","$201,151,353","$534,551,353",735702706.0,Profit
146,8/19/2016,Ben-Hur,"$95,000,000","$26,410,477","$91,853,336",118263813.0,Profit
147,2/6/2015,Seventh Son,"$95,000,000","$17,725,785","$111,125,785",128851570.0,Profit
148,2/13/2015,Kingsman: The Secret Service,"$94,000,000","$128,261,724","$404,561,724",532823448.0,Profit
149,2/14/2013,A Good Day to Die Hard,"$92,000,000","$67,349,198","$304,249,198",371598396.0,Profit
150,12/25/2013,The Secret Life of Walter Mitty,"$91,000,000","$58,236,838","$188,275,200",246512038.0,Profit
151,12/20/2017,Jumanji: Welcome to the Jungle,"$90,000,000","$404,508,916","$962,091,730",1366600646.0,Profit
152,9/23/2016,The Magnificent Seven,"$90,000,000","$93,432,655","$162,526,238",255958893.0,Profit
153,12/18/2015,Alvin and the Chipmunks: The Road Chip,"$90,000,000","$85,886,987","$249,520,430",335407417.0,Profit
154,7/24/2015,Pixels,"$90,000,000","$78,765,986","$244,144,701",322910687.0,Profit
155,8/7/2013,Percy Jackson: Sea of Monsters,"$90,000,000","$68,559,554","$200,859,554",269419108.0,Profit
156,6/10/2016,Now You See Me 2,"$90,000,000","$65,075,540","$328,675,540",393751080.0,Profit
157,3/16/2018,Tomb Raider,"$90,000,000","$57,421,715","$272,649,527",330071242.0,Profit
158,4/21/2017,The Promise,"$90,000,000","$8,224,288","$10,524,093",18748381.0,Loss
159,3/21/2014,Divergent,"$85,000,000","$150,947,895","$276,014,965",426962860.0,Profit
160,1/20/2017,xXx: Return of Xander Cage,"$85,000,000","$44,898,413","$345,114,933",390013346.0,Profit
161,12/20/2017,The Greatest Showman,"$84,000,000","$174,026,442","$428,123,608",602150050.0,Profit
162,7/19/2013,RED 2,"$84,000,000","$53,262,560","$137,162,560",190425120.0,Profit
163,2/10/2017,The Lego Batman Movie,"$80,000,000","$175,750,384","$310,940,997",486691381.0,Profit
164,9/25/2015,Hotel Transylvania 2,"$80,000,000","$169,700,110","$470,751,398",640451508.0,Profit
165,7/12/2013,Grown Ups 2,"$80,000,000","$133,668,525","$247,023,808",380692333.0,Profit
166,10/17/2014,Fury,"$80,000,000","$85,817,906","$210,315,681",296133587.0,Profit
167,12/20/2013,Walking with Dinosaurs,"$80,000,000","$36,076,121","$130,580,730",166656851.0,Profit
168,10/23/2015,The Last Witch Hunter,"$80,000,000","$27,367,660","$131,234,406",158602066.0,Profit
169,2/21/2014,Pompeii,"$80,000,000","$23,169,033","$108,469,033",131638066.0,Profit
170,9/27/2013,Cloudy with a Chance of Meatballs 2,"$78,000,000","$119,793,567","$274,392,649",394186216.0,Profit
171,2/12/2016,The Little Prince,"$77,500,000","$1,311,213","$103,386,888",104698101.0,Profit
172,7/3/2013,Despicable Me 2,"$76,000,000","$368,065,385","$975,216,835",1343282220.0,Profit
173,7/8/2016,The Secret Life of Pets,"$75,000,000","$368,384,330","$886,779,788",1255164118.0,Profit
174,12/21/2016,Sing,"$75,000,000","$270,329,045","$635,162,817",905491862.0,Profit
175,6/30/2017,Despicable Me 3,"$75,000,000","$264,624,300","$1,034,542,646",1299166946.0,Profit
176,5/31/2013,Now You See Me,"$75,000,000","$117,723,989","$342,769,200",460493189.0,Profit
177,8/14/2015,The Man From U.N.C.L.E.,"$75,000,000","$45,445,109","$105,445,109",150890218.0,Profit
178,10/28/2016,Inferno,"$75,000,000","$34,343,574","$219,561,188",253904762.0,Profit
179,7/10/2015,Minions,"$74,000,000","$336,045,770","$1,167,245,366",1503291136.0,Profit
180,2/6/2015,The SpongeBob Movie: Sponge Out of Water,"$74,000,000","$162,994,032","$311,594,032",474588064.0,Profit
181,5/20/2016,The Angry Birds Movie,"$73,000,000","$107,509,366","$352,829,528",460338894.0,Profit
182,11/10/2017,Daddyâs Home 2,"$70,000,000","$104,029,443","$176,154,137",280183580.0,Profit
183,3/22/2013,Olympus Has Fallen,"$70,000,000","$98,927,592","$150,562,164",249489756.0,Profit
184,2/7/2014,The Monuments Men,"$70,000,000","$78,031,620","$158,702,748",236734368.0,Profit
185,9/23/2016,Storks,"$70,000,000","$72,679,278","$174,102,281",246781559.0,Profit
186,9/22/2017,The Lego Ninjago Movie,"$70,000,000","$59,281,555","$122,780,244",182061799.0,Profit
187,10/10/2014,Dracula Untold,"$70,000,000","$55,991,880","$220,241,723",276233603.0,Profit
188,6/8/2018,Oceanâs 8,"$70,000,000","$41,500,000","$53,700,000",95200000.0,Profit
189,1/29/2016,The Finest Hours,"$70,000,000","$27,569,558","$49,252,761",76822319.0,Profit
190,10/18/2013,Escape Plan,"$70,000,000","$25,135,965","$103,735,965",128871930.0,Profit
191,1/10/2014,The Legend of Hercules,"$70,000,000","$18,848,538","$58,953,319",77801857.0,Profit
192,5/9/2014,Legends of Oz: Dorothyâs Return,"$70,000,000","$8,462,347","$20,107,933",28570280.0,Loss
193,1/16/2015,Blackhat,"$70,000,000","$8,005,980","$19,665,004",27670984.0,Loss
194,3/2/2018,Red Sparrow,"$69,000,000","$46,874,505","$145,966,386",192840891.0,Profit
195,6/26/2015,Ted 2,"$68,000,000","$81,476,385","$217,214,143",298690528.0,Profit
196,12/22/2017,Downsizing,"$68,000,000","$24,449,754","$39,897,498",64347252.0,Loss
197,3/14/2014,Need for Speed,"$66,000,000","$43,568,507","$194,169,619",237738126.0,Profit
198,12/25/2014,Unbroken,"$65,000,000","$115,637,895","$163,527,824",279165719.0,Profit
199,6/5/2015,Spy!,"$65,000,000","$110,825,712","$233,125,712",343951424.0,Profit
200,12/19/2014,Annie,"$65,000,000","$85,911,262","$139,840,525",225751787.0,Profit
201,8/12/2016,Peteâs Dragon,"$65,000,000","$76,233,151","$137,768,975",214002126.0,Profit
202,2/27/2015,Focus,"$65,000,000","$53,862,963","$159,062,963",212925926.0,Profit
203,9/18/2015,Everest,"$65,000,000","$43,482,270","$221,835,496",265317766.0,Profit
204,1/24/2014,"I, Frankenstein","$65,000,000","$19,075,290","$74,575,290",93650580.0,Profit
205,8/22/2014,Sin City: A Dame to Kill For,"$65,000,000","$13,757,804","$39,499,349",53257153.0,Loss
206,12/25/2016,Live by Night,"$65,000,000","$10,378,555","$21,778,555",32157110.0,Loss
207,9/4/2015,Tian jiang xiong shi,"$65,000,000","$74,070","$122,519,874",122593944.0,Profit
208,12/25/2015,The Hateful Eight,"$62,000,000","$54,117,416","$145,443,360",199560776.0,Profit
209,10/3/2014,Gone Girl,"$61,000,000","$167,767,189","$368,567,189",536334378.0,Profit
210,9/18/2015,Maze Runner: The Scorch Trials,"$61,000,000","$81,697,192","$310,697,192",392394384.0,Profit
211,8/2/2013,2 Guns,"$61,000,000","$75,612,460","$132,493,015",208105475.0,Profit
212,1/26/2018,Maze Runner: The Death Cure,"$61,000,000","$58,032,443","$283,811,921",341844364.0,Profit
213,2/19/2016,Mei Ren Yu,"$60,720,000","$3,229,457","$552,198,479",555427936.0,Profit
214,2/7/2014,The Lego Movie,"$60,000,000","$257,784,718","$457,729,388",715514106.0,Profit
215,9/9/2016,Sully,"$60,000,000","$125,070,033","$238,552,082",363622115.0,Profit
216,3/4/2016,London Has Fallen,"$60,000,000","$62,524,260","$193,857,962",256382222.0,Profit
217,10/21/2016,Jack Reacher: Never Go Back,"$60,000,000","$58,697,076","$160,038,407",218735483.0,Profit
218,5/25/2017,Baywatch,"$60,000,000","$58,060,186","$176,533,570",234593756.0,Profit
219,12/25/2015,Joy,"$60,000,000","$56,451,232","$101,134,059",157585291.0,Profit
220,9/26/2014,The Boxtrolls,"$60,000,000","$50,837,305","$111,946,251",162783556.0,Profit
221,8/4/2017,The Dark Tower,"$60,000,000","$50,701,325","$113,019,314",163720639.0,Profit
222,1/17/2014,Jack Ryan: Shadow Recruit,"$60,000,000","$50,577,412","$131,377,412",181954824.0,Profit
223,1/11/2013,Gangster Squad,"$60,000,000","$46,000,903","$104,100,903",150101806.0,Profit
224,4/7/2017,Smurfs: The Lost Village,"$60,000,000","$45,020,282","$197,275,045",242295327.0,Profit
225,8/21/2013,The Mortal Instruments: City of Bones,"$60,000,000","$31,165,421","$75,965,567",107130988.0,Profit
226,2/14/2014,Winter's Tale,"$60,000,000","$12,600,231","$22,468,620",35068851.0,Loss
227,2/24/2017,Rock Dog,"$60,000,000","$9,420,546","$21,298,773",30719319.0,Loss
228,1/23/2015,Mortdecai,"$60,000,000","$7,696,134","$30,396,134",38092268.0,Loss
229,2/5/2016,Xi You Ji zhi Sun Wu Kong San Da Bai Gu Jing,"$60,000,000","$709,982","$194,058,503",194768485.0,Profit
230,3/23/2018,Sherlock Gnomes,"$59,000,000","$42,996,427","$76,587,146",119583573.0,Profit
231,2/12/2016,Deadpool,"$58,000,000","$363,070,709","$801,029,249",1164099958.0,Profit
232,12/25/2014,American Sniper,"$58,000,000","$350,126,372","$547,326,372",897452744.0,Profit
233,10/16/2015,Goosebumps,"$58,000,000","$80,069,458","$158,905,324",238974782.0,Profit
234,6/7/2013,The Internship,"$58,000,000","$44,672,764","$93,672,764",138345528.0,Profit
235,3/24/2017,Life,"$58,000,000","$30,234,022","$101,003,310",131237332.0,Profit
236,12/25/2014,Into the Woods,"$56,200,000","$128,002,372","$203,502,372",331504744.0,Profit
237,1/22/2016,Zhuo yao ji,"$56,000,000","$32,766","$386,152,042",386184808.0,Profit
238,2/10/2017,Fifty Shades Darker,"$55,000,000","$114,434,010","$381,081,967",495515977.0,Profit
239,10/11/2013,Captain Phillips,"$55,000,000","$107,136,417","$220,648,184",327784601.0,Profit
240,11/10/2017,Murder on the Orient Express,"$55,000,000","$102,826,543","$349,213,586",452040129.0,Profit
241,9/26/2014,The Equalizer,"$55,000,000","$101,530,738","$192,903,624",294434362.0,Profit
242,2/9/2018,Fifty Shades Freed,"$55,000,000","$100,407,760","$370,527,704",470935464.0,Profit
243,1/16/2015,Paddington,"$55,000,000","$76,223,578","$259,541,430",335765008.0,Profit
244,11/1/2013,Free Birds,"$55,000,000","$55,750,480","$110,387,072",166137552.0,Profit
245,3/21/2014,Muppets Most Wanted,"$55,000,000","$51,178,893","$79,312,301",130491194.0,Profit
246,8/19/2016,Kubo and the Two Strings,"$55,000,000","$48,023,088","$77,548,564",125571652.0,Profit
247,2/23/2018,Annihilation,"$55,000,000","$32,732,301","$42,872,301",75604602.0,Profit
248,10/16/2015,Crimson Peak,"$55,000,000","$31,090,320","$75,466,595",106556915.0,Profit
249,2/1/2013,Bullet to the Head,"$55,000,000","$9,489,829","$22,597,969",32087798.0,Loss
250,9/18/2015,Black Mass,"$53,000,000","$62,575,678","$98,837,872",161413550.0,Profit
251,6/13/2014,22 Jump Street,"$50,000,000","$191,719,337","$331,333,876",523053213.0,Profit
252,12/25/2015,Daddyâs Home,"$50,000,000","$150,357,137","$242,757,137",393114274.0,Profit
253,6/17/2016,Central Intelligence,"$50,000,000","$127,440,871","$217,196,811",344637682.0,Profit
254,12/18/2013,Anchorman 2: The Legend Continues,"$50,000,000","$127,352,707","$172,185,754",299538461.0,Profit
255,2/9/2018,Peter Rabbit,"$50,000,000","$115,187,069","$347,087,069",462274138.0,Profit
256,2/28/2014,Non-Stop,"$50,000,000","$91,742,160","$222,383,055",314125215.0,Profit
257,8/9/2013,Disney Planes,"$50,000,000","$90,282,580","$238,059,569",328342149.0,Profit
258,7/28/2017,The Emoji Movie,"$50,000,000","$86,089,513","$216,807,812",302897325.0,Profit
259,12/22/2017,The Post,"$50,000,000","$81,903,458","$177,658,857",259562315.0,Profit
260,7/18/2014,Planes: Fire and Rescue,"$50,000,000","$59,157,732","$156,399,644",215557376.0,Profit
261,1/25/2013,Hansel & Gretel: Witch Hunters,"$50,000,000","$55,703,475","$214,949,716",270653191.0,Profit
262,1/15/2016,13 Hours: The Secret Soldiers of Benghazi,"$50,000,000","$52,853,219","$69,411,370",122264589.0,Profit
263,9/29/2017,American Made,"$50,000,000","$51,342,000","$135,581,390",186923390.0,Profit
264,10/17/2014,The Book of Life,"$50,000,000","$50,151,543","$97,651,543",147803086.0,Profit
265,8/8/2014,Into the Storm,"$50,000,000","$47,602,194","$150,429,371",198031565.0,Profit
266,10/10/2014,The Judge,"$50,000,000","$47,119,388","$76,119,388",123238776.0,Profit
267,8/19/2016,War Dogs,"$50,000,000","$43,034,523","$83,034,523",126069046.0,Profit
268,5/20/2016,The Nice Guys,"$50,000,000","$36,261,763","$57,261,763",93523526.0,Profit
269,2/12/2016,Zoolander 2,"$50,000,000","$28,848,693","$55,348,693",84197386.0,Profit
270,3/29/2013,The Host,"$50,000,000","$26,623,701","$64,477,051",91100752.0,Profit
271,3/13/2015,Run All Night,"$50,000,000","$26,461,644","$66,961,644",93423288.0,Profit
272,9/16/2016,Snowden,"$50,000,000","$21,587,519","$34,301,950",55889469.0,Profit
273,6/24/2016,Free State of Jones,"$50,000,000","$20,810,036","$23,151,917",43961953.0,Loss
274,2/14/2013,Beautiful Creatures,"$50,000,000","$19,452,138","$60,282,876",79735014.0,Profit
275,2/16/2018,Early Man,"$50,000,000","$8,267,544","$36,204,139",44471683.0,Loss
276,4/17/2015,Child 44,"$50,000,000","$1,224,330","$3,434,330",4658660.0,Loss
277,3/15/2013,Upside Down,"$50,000,000","$102,118","$26,387,039",26489157.0,Loss
278,10/2/2015,Shanghai,"$50,000,000","$46,425","$15,505,922",15552347.0,Loss
279,3/6/2015,Chappie,"$49,000,000","$31,569,268","$105,002,056",136571324.0,Profit
280,1/9/2015,Taken 3,"$48,000,000","$89,256,424","$327,656,424",416912848.0,Profit
281,7/13/2016,The Infiltrator,"$47,500,000","$15,436,808","$18,693,373",34130181.0,Loss
282,11/11/2016,Arrival,"$47,000,000","$100,546,139","$203,178,872",303725011.0,Profit
283,12/23/2016,Silence,"$46,500,000","$7,100,177","$16,377,381",23477558.0,Loss
284,9/20/2013,Prisoners,"$46,000,000","$61,002,302","$113,402,302",174404604.0,Profit
285,12/22/2017,Pitch Perfect 3,"$45,000,000","$104,897,530","$185,736,988",290634518.0,Profit
286,10/7/2016,The Girl on the Train,"$45,000,000","$75,395,035","$170,327,930",245722965.0,Profit
287,12/9/2016,Office Christmas Party,"$45,000,000","$54,767,494","$91,342,494",146109988.0,Profit
288,5/23/2014,Blended,"$45,000,000","$46,290,741","$127,990,741",174281482.0,Profit
289,6/16/2017,All Eyez on Me,"$45,000,000","$44,922,302","$54,876,855",99799157.0,Profit
290,2/6/2014,The Interview,"$44,000,000","$6,105,175","$12,342,632",18447807.0,Loss
291,6/28/2013,The Heat,"$43,000,000","$159,581,587","$229,727,774",389309361.0,Profit
292,1/6/2017,A Monster Calls,"$43,000,000","$3,740,823","$46,422,066",50162889.0,Profit
293,5/12/2017,Snatched,"$42,000,000","$45,852,178","$57,852,177",103704355.0,Profit
294,2/13/2015,Fifty Shades of Grey,"$40,000,000","$166,167,230","$570,998,101",737165331.0,Profit
295,12/13/2013,American Hustle,"$40,000,000","$150,117,807","$257,878,294",407996101.0,Profit
296,7/25/2014,Lucy,"$40,000,000","$126,573,960","$457,507,776",584081736.0,Profit
297,12/25/2013,Lone Survivor,"$40,000,000","$125,095,601","$149,804,632",274900233.0,Profit
298,6/10/2016,The Conjuring 2: The Enfield Poltergeist,"$40,000,000","$102,470,008","$311,270,008",413740016.0,Profit
299,4/12/2013,42,"$40,000,000","$95,020,213","$97,470,701",192490914.0,Profit
300,2/10/2017,John Wick: Chapter Two,"$40,000,000","$92,029,184","$171,529,184",263558368.0,Profit
301,1/15/2016,Ride Along 2,"$40,000,000","$90,862,685","$124,827,316",215690001.0,Profit
302,3/27/2015,Get Hard,"$40,000,000","$90,411,453","$106,511,453",196922906.0,Profit
303,10/14/2016,The Accountant,"$40,000,000","$86,260,045","$153,060,045",239320090.0,Profit
304,11/14/2014,Dumb and Dumber To,"$40,000,000","$86,208,010","$156,553,592",242761602.0,Profit
305,4/25/2014,The Other Woman,"$40,000,000","$83,911,193","$195,111,193",279022386.0,Profit
306,9/25/2015,The Intern,"$40,000,000","$75,764,672","$197,232,734",272997406.0,Profit
307,10/16/2015,Bridge of Spies,"$40,000,000","$72,313,754","$162,610,473",234924227.0,Profit
308,11/4/2016,Hacksaw Ridge,"$40,000,000","$67,209,615","$160,234,705",227444320.0,Profit
309,2/15/2013,Escape From Planet Earth,"$40,000,000","$57,012,977","$74,156,610",131169587.0,Profit
310,11/26/2014,Horrible Bosses 2,"$40,000,000","$54,445,357","$105,945,357",160390714.0,Profit
311,6/20/2014,Jersey Boys,"$40,000,000","$47,047,013","$65,282,732",112329745.0,Profit
312,5/30/2014,A Million Ways to Die in The West,"$40,000,000","$42,720,965","$86,778,557",129499522.0,Profit
313,7/18/2014,Sex Tape,"$40,000,000","$38,543,473","$126,069,509",164612982.0,Profit
314,12/21/2016,Patriots Day,"$40,000,000","$31,886,361","$52,461,361",84347722.0,Profit
315,12/25/2013,Grudge Match,"$40,000,000","$29,807,260","$69,807,260",99614520.0,Profit
316,8/11/2017,The Nut Job 2: Nutty by Nature,"$40,000,000","$28,370,522","$57,943,808",86314330.0,Profit
317,1/27/2017,Resident Evil: The Final Chapter,"$40,000,000","$26,844,692","$307,353,906",334198598.0,Profit
318,6/30/2017,The House,"$40,000,000","$25,584,504","$31,192,743",56777247.0,Profit
319,3/20/2015,The Gunman,"$40,000,000","$10,664,749","$13,853,999",24518748.0,Loss
320,8/16/2013,Paranoia,"$40,000,000","$7,388,654","$16,340,767",23729421.0,Loss
321,7/10/2015,Baahubali: The Beginning,"$40,000,000","$6,738,000","$26,736,665",33474665.0,Loss
322,3/9/2018,The Hurricane Heist,"$40,000,000","$6,115,824","$12,724,991",18840815.0,Loss
323,11/25/2015,Victor Frankenstein,"$40,000,000","$5,775,076","$33,175,076",38950152.0,Loss
324,6/27/2014,Snowpiercer,"$40,000,000","$4,563,029","$88,069,880",92632909.0,Profit
325,11/11/2016,Billy Lynnâs Long Halftime Walk,"$40,000,000","$1,738,477","$25,863,458",27601935.0,Loss
326,8/23/2013,Yi dai zong shi,"$38,600,000","$6,594,959","$57,987,299",64582258.0,Profit
327,6/2/2017,Captain Underpants: The First Epic Movie,"$38,000,000","$73,921,000","$123,261,024",197182024.0,Profit
328,4/17/2015,Paul Blart: Mall Cop 2,"$38,000,000","$71,091,594","$107,650,646",178742240.0,Profit
329,12/23/2016,Why Him?,"$38,000,000","$60,323,786","$117,523,786",177847572.0,Profit
330,9/6/2013,Riddick,"$38,000,000","$42,025,135","$94,763,758",136788893.0,Profit
331,1/22/2016,The 5th Wave,"$38,000,000","$34,912,982","$111,336,398",146249380.0,Profit
332,9/20/2013,Rush,"$38,000,000","$26,947,624","$98,230,839",125178463.0,Profit
333,10/20/2017,Only the Brave,"$38,000,000","$18,340,051","$21,752,792",40092843.0,Profit
334,8/7/2013,We're the Millers,"$37,000,000","$150,394,119","$267,816,276",418210395.0,Profit
335,11/25/2015,Creed,"$37,000,000","$109,767,581","$173,567,581",283335162.0,Profit
336,2/23/2018,Game Night,"$37,000,000","$68,951,586","$117,151,586",186103172.0,Profit
337,2/12/2016,How to be Single,"$37,000,000","$46,843,513","$99,595,932",146439445.0,Profit
338,5/29/2015,Aloha,"$37,000,000","$21,052,030","$24,935,799",45987829.0,Profit
339,9/12/2014,Dolphin Tale 2,"$36,000,000","$42,024,533","$57,824,533",99849066.0,Profit
340,12/16/2016,Collateral Beauty,"$36,000,000","$31,016,021","$85,315,070",116331091.0,Profit
341,1/22/2016,Yip Man 3,"$36,000,000","$2,679,437","$156,835,197",159514634.0,Profit
342,9/8/2017,It,"$35,000,000","$327,481,748","$697,459,228",1024940976.0,Profit
343,2/8/2013,Identity Thief,"$35,000,000","$134,506,920","$175,361,578",309868498.0,Profit
344,7/17/2015,Trainwreck,"$35,000,000","$110,212,700","$141,123,897",251336597.0,Profit
345,12/13/2013,Saving Mr. Banks,"$35,000,000","$83,299,761","$114,962,525",198262286.0,Profit
346,5/20/2016,Neighbors 2: Sorority Rising,"$35,000,000","$55,340,730","$108,758,521",164099251.0,Profit
347,5/22/2015,Poltergeist,"$35,000,000","$47,425,125","$95,825,125",143250250.0,Profit
348,1/19/2018,12 Strong,"$35,000,000","$45,500,164","$69,687,337",115187501.0,Profit
349,5/8/2015,Hot Pursuit,"$35,000,000","$34,580,201","$45,680,201",80260402.0,Profit
350,12/25/2015,Concussion,"$35,000,000","$34,531,832","$50,363,790",84895622.0,Profit
351,10/13/2017,The Foreigner,"$35,000,000","$34,393,507","$140,783,646",175177153.0,Profit
352,9/16/2016,Bridget Jonesâs Baby,"$35,000,000","$24,139,805","$203,555,567",227695372.0,Profit
353,3/4/2016,Whiskey Tango Foxtrot,"$35,000,000","$23,083,334","$24,915,969",47999303.0,Profit
354,8/21/2015,Hitman: Agent 47,"$35,000,000","$22,467,450","$81,967,450",104434900.0,Profit
355,6/1/2018,Adrift,"$35,000,000","$21,740,025","$22,539,025",44279050.0,Profit
356,1/18/2013,Broken City,"$35,000,000","$19,701,164","$34,480,045",54181209.0,Profit
357,1/25/2013,Parker,"$35,000,000","$17,616,641","$48,543,388",66160029.0,Profit
358,3/28/2014,Sabotage,"$35,000,000","$10,508,518","$18,376,443",28884961.0,Loss
359,3/6/2015,Unfinished Business,"$35,000,000","$10,219,501","$12,819,501",23039002.0,Loss
360,9/30/2015,The Walk,"$35,000,000","$10,161,183","$61,197,045",71358228.0,Profit
361,11/29/2013,Mandela: Long Walk to Freedom,"$35,000,000","$8,323,085","$29,890,402",38213487.0,Profit
362,3/11/2016,The Brothers Grimsby,"$35,000,000","$6,864,016","$28,721,408",35585424.0,Profit
363,10/20/2017,The Snowman,"$35,000,000","$6,670,765","$43,232,849",49903614.0,Profit
364,4/22/2016,A Hologram for the King,"$35,000,000","$4,212,494","$11,848,058",16060552.0,Loss
365,6/28/2017,Baby Driver,"$34,000,000","$107,825,862","$228,104,185",335930047.0,Profit
366,9/19/2014,The Maze Runner,"$34,000,000","$102,427,862","$348,319,861",450747723.0,Profit
367,4/10/2015,The Longest Ride,"$34,000,000","$37,446,117","$63,802,928",101249045.0,Profit
368,9/5/2014,Thunder and the House of Magic,"$34,000,000","$4,091","$11,092,749",11096840.0,Loss
369,7/8/2016,Mike and Dave Need Wedding Dates,"$33,000,000","$46,009,673","$75,909,673",121919346.0,Profit
370,7/31/2015,The Young and Prodigious T.S. Spivet,"$33,000,000","$176,847","$357,687",534534.0,Loss
371,10/30/2015,Freaks of Nature,"$33,000,000","$70,958","$70,958",141916.0,Loss
372,4/26/2013,The Big Wedding,"$32,500,000","$21,819,348","$48,425,971",70245319.0,Profit
373,6/12/2013,This is the End,"$32,000,000","$101,470,202","$126,539,117",228009319.0,Profit
374,4/20/2018,I Feel Pretty,"$32,000,000","$48,619,500","$79,405,500",128025000.0,Profit
375,3/15/2013,The Incredible Burt Wonderstone,"$32,000,000","$22,537,881","$27,392,609",49930490.0,Profit
376,4/15/2016,Criminal,"$31,500,000","$14,708,696","$38,771,262",53479958.0,Profit
377,3/7/2014,The Grand Budapest Hotel,"$31,000,000","$59,076,019","$164,350,409",223426428.0,Profit
378,7/29/2015,Vacation,"$31,000,000","$58,884,188","$101,287,415",160171603.0,Profit
379,8/16/2013,Lee Daniels' The Butler,"$30,000,000","$116,632,095","$177,025,498",293657593.0,Profit
380,12/18/2015,Sisters,"$30,000,000","$87,044,645","$106,030,660",193075305.0,Profit
381,8/18/2017,The Hitmanâs Bodyguard,"$30,000,000","$75,468,583","$172,779,292",248247875.0,Profit
382,2/1/2013,Warm Bodies,"$30,000,000","$66,380,662","$115,121,608",181502270.0,Profit
383,1/17/2014,The Nut Job,"$30,000,000","$64,251,538","$122,529,966",186781504.0,Profit
384,7/24/2015,Southpaw,"$30,000,000","$52,421,953","$94,207,861",146629814.0,Profit
385,7/28/2017,Atomic Blonde,"$30,000,000","$51,573,925","$98,368,372",149942297.0,Profit
386,5/11/2018,Life of the Party,"$30,000,000","$50,266,577","$58,966,577",109233154.0,Profit
387,9/18/2015,Sicario,"$30,000,000","$46,889,293","$84,448,946",131338239.0,Profit
388,1/19/2018,Den of Thieves,"$30,000,000","$44,947,622","$79,424,321",124371943.0,Profit
389,10/24/2014,John Wick,"$30,000,000","$43,037,835","$76,235,001",119272836.0,Profit
390,4/24/2015,The Age of Adaline,"$30,000,000","$42,629,776","$69,057,415",111687191.0,Profit
391,9/13/2013,The Family,"$30,000,000","$36,918,811","$51,078,541",87997352.0,Profit
392,2/9/2018,The 15:17 to Paris,"$30,000,000","$36,250,957","$56,096,971",92347928.0,Profit
393,10/18/2013,Carrie,"$30,000,000","$35,266,619","$82,409,520",117676139.0,Profit
394,3/2/2018,Death Wish,"$30,000,000","$34,017,028","$48,578,424",82595452.0,Profit
395,6/3/2015,Entourage,"$30,000,000","$32,363,404","$46,352,925",78716329.0,Profit
396,2/8/2013,Side Effects,"$30,000,000","$32,172,757","$66,742,138",98914895.0,Profit
397,7/2/2014,Deliver Us from Evil,"$30,000,000","$30,577,122","$87,956,618",118533740.0,Profit
398,8/1/2014,Get on Up,"$30,000,000","$30,569,935","$33,339,868",63909803.0,Profit
399,8/25/2017,Ballerina,"$30,000,000","$21,858,070","$96,921,549",118779619.0,Profit
400,10/4/2013,Runner Runner,"$30,000,000","$19,316,646","$60,512,680",79829326.0,Profit
401,4/28/2017,Baahubali 2: The Conclusion,"$30,000,000","$18,985,794","$263,502,914",282488708.0,Profit
402,10/9/2015,Steve Jobs,"$30,000,000","$17,766,658","$35,579,007",53345665.0,Profit
403,1/18/2013,The Last Stand,"$30,000,000","$12,050,299","$48,330,757",60381056.0,Profit
404,3/8/2013,Dead Man Down,"$30,000,000","$10,895,295","$19,599,974",30495269.0,Profit
405,2/2/2018,Bilal: A New Breed of Hero,"$30,000,000","$490,515","$636,684",1127199.0,Loss
406,1/30/2015,Wild Card,"$30,000,000","$3,200","$929,157",932357.0,Loss
407,6/5/2015,United Passions,"$30,000,000",$918,"$168,832",169750.0,Loss
408,2/24/2017,Collide,"$29,200,000","$2,280,004","$5,278,519",7558523.0,Loss
409,5/15/2015,Pitch Perfect 2,"$29,000,000","$184,296,230","$287,641,616",471937846.0,Profit
410,4/8/2016,The Boss,"$29,000,000","$63,077,560","$78,652,395",141729955.0,Profit
411,8/18/2017,Logan Lucky,"$29,000,000","$27,778,642","$39,632,019",67410661.0,Profit
412,8/12/2016,Florence Foster Jenkins,"$29,000,000","$27,383,770","$56,017,691",83401461.0,Profit
413,8/14/2015,Straight Outta Compton,"$28,000,000","$161,197,785","$202,182,981",363380766.0,Profit
414,7/21/2017,Girls Trip,"$28,000,000","$115,108,515","$140,886,353",255994868.0,Profit
415,11/1/2017,A Bad Moms Christmas,"$28,000,000","$72,110,659","$127,710,659",199821318.0,Profit
416,2/14/2013,Safe Haven,"$28,000,000","$71,399,120","$94,050,951",165450071.0,Profit
417,12/11/2015,The Big Short,"$28,000,000","$70,259,870","$133,162,752",203422622.0,Profit
418,10/10/2014,"Alexander and the Terrible, Horrible, No Good, Very Bad Day","$28,000,000","$66,954,149","$101,379,287",168333436.0,Profit
419,1/28/2013,Last Vegas,"$28,000,000","$63,914,167","$112,914,167",176828334.0,Profit
420,2/21/2014,3 Days to Kill,"$28,000,000","$30,697,999","$38,959,900",69657899.0,Profit
421,8/16/2013,Kick-Ass 2,"$28,000,000","$28,795,985","$63,129,909",91925894.0,Profit
422,9/19/2014,A Walk Among the Tombstones,"$28,000,000","$26,017,685","$62,108,587",88126272.0,Profit
423,4/25/2014,Brick Mansions,"$28,000,000","$20,396,829","$73,421,224",93818053.0,Profit
424,8/21/2015,American Ultra,"$28,000,000","$14,439,985","$30,295,076",44735061.0,Profit
425,2/5/2016,Pride and Prejudice and Zombies,"$28,000,000","$10,907,291","$16,311,335",27218626.0,Loss
426,10/30/2015,Our Brand is Crisis,"$28,000,000","$7,002,261","$8,592,432",15594693.0,Loss
427,5/13/2016,Money Monster,"$27,000,000","$41,012,075","$93,469,699",134481774.0,Profit
428,11/23/2016,Rules Donât Apply,"$26,700,000","$3,652,206","$3,871,448",7523654.0,Loss
429,4/26/2013,Pain & Gain,"$26,000,000","$49,875,291","$81,275,291",131150582.0,Profit
430,10/17/2014,The Best of Me,"$26,000,000","$26,766,213","$41,059,418",67825631.0,Profit
431,7/10/2015,Self/Less,"$26,000,000","$12,279,691","$33,713,827",45993518.0,Profit
432,10/18/2013,The Fifth Estate,"$26,000,000","$3,254,172","$6,154,172",9408344.0,Loss
433,3/21/2014,Blood Ties,"$26,000,000","$42,472","$2,923,959",2966431.0,Loss
434,12/25/2016,Hidden Figures,"$25,000,000","$169,607,287","$231,800,856",401408143.0,Profit
435,1/17/2014,Ride Along,"$25,000,000","$134,202,565","$153,733,800",287936365.0,Profit
436,1/27/2017,A Dogâs Purpose,"$25,000,000","$64,321,890","$204,763,031",269084921.0,Profit
437,12/13/2013,Tyler Perry's A Madea Christmas,"$25,000,000","$52,543,354","$52,543,354",105086708.0,Profit
438,8/15/2014,The Giver,"$25,000,000","$45,090,374","$55,090,374",100180748.0,Profit
439,11/20/2015,The Night Before,"$25,000,000","$43,035,725","$52,427,346",95463071.0,Profit
440,12/25/2013,August: Osage County,"$25,000,000","$37,738,810","$50,738,810",88477620.0,Profit
441,5/16/2014,Million Dollar Arm,"$25,000,000","$36,447,959","$39,217,912",75665871.0,Profit
442,12/10/2014,The Gambler,"$25,000,000","$33,680,992","$38,718,031",72399023.0,Profit
443,4/29/2016,Motherâs Day,"$25,000,000","$32,492,859","$52,380,013",84872872.0,Profit
444,2/17/2017,Fist Fight,"$25,000,000","$32,187,017","$40,287,017",72474034.0,Profit
445,4/11/2014,Draft Day,"$25,000,000","$28,842,237","$29,847,480",58689717.0,Profit
446,2/3/2017,Rings,"$25,000,000","$27,793,018","$82,991,460",110784478.0,Profit
447,8/5/2015,Shaun the Sheep,"$25,000,000","$19,375,982","$101,937,062",121313044.0,Profit
448,3/24/2017,CHiPS,"$25,000,000","$18,600,152","$23,190,697",41790849.0,Profit
449,12/22/2017,Father Figures,"$25,000,000","$17,501,244","$20,597,799",38099043.0,Profit
450,10/25/2013,The Counselor,"$25,000,000","$16,973,715","$71,009,334",87983049.0,Profit
451,9/22/2017,Battle of the Sexes,"$25,000,000","$12,638,526","$17,860,286",30498812.0,Profit
452,11/13/2015,The 33,"$25,000,000","$12,227,722","$28,400,715",40628437.0,Profit
453,9/1/2017,Tulip Fever,"$25,000,000","$2,455,635","$4,080,955",6536590.0,Loss
454,11/20/2015,Legend,"$25,000,000","$1,872,994","$42,642,077",44515071.0,Profit
455,1/29/2016,Jane Got a Gun,"$25,000,000","$1,513,793","$3,771,345",5285138.0,Loss
456,3/22/2013,On the Road,"$25,000,000","$720,828","$9,313,302",10034130.0,Loss
457,4/24/2015,Yi ge ren de wu lin,"$25,000,000","$129,115","$129,115",258230.0,Loss
458,6/20/2014,Think Like a Man Too,"$24,000,000","$65,028,687","$70,027,933",135056620.0,Profit
459,4/7/2017,Going in Style,"$24,000,000","$45,018,541","$78,714,211",123732752.0,Profit
460,1/16/2015,The Wedding Ringer,"$23,000,000","$64,460,211","$80,171,596",144631807.0,Profit
461,1/10/2014,Her,"$23,000,000","$25,568,251","$48,422,461",73990712.0,Profit
462,2/26/2016,Eddie the Eagle,"$23,000,000","$15,789,389","$45,121,177",60910566.0,Profit
463,6/28/2013,Redemption,"$23,000,000","$36,686","$13,593,473",13630159.0,Loss
464,11/18/2016,Nocturnal Animals,"$22,500,000","$10,663,357","$31,159,084",41822441.0,Profit
465,4/24/2015,The Water Diviner,"$22,500,000","$4,200,117","$30,864,649",35064766.0,Profit
466,2/28/2014,Son of God,"$22,000,000","$59,700,064","$70,949,793",130649857.0,Profit
467,8/8/2014,The Hundred-Foot Journey,"$22,000,000","$54,235,441","$94,270,488",148505929.0,Profit
468,11/22/2013,Delivery Man,"$22,000,000","$30,659,817","$70,536,870",101196687.0,Profit
469,2/5/2016,"Hail, Caesar!","$22,000,000","$30,080,225","$64,171,419",94251644.0,Profit
470,5/19/2017,Diary of a Wimpy Kid: The Long Haul,"$22,000,000","$20,738,724","$35,355,942",56094666.0,Profit
471,11/27/2013,Homefront,"$22,000,000","$20,158,492","$51,695,362",71853854.0,Profit
472,9/4/2015,The Transporter Refueled,"$22,000,000","$16,029,670","$69,698,495",85728165.0,Profit
473,11/17/2017,"Roman J. Israel, Esq.","$22,000,000","$11,962,712","$12,791,488",24754200.0,Profit
474,12/4/2013,Out of the Furnace,"$22,000,000","$11,330,849","$15,434,375",26765224.0,Profit
475,12/8/2017,Just Getting Started,"$22,000,000","$6,069,605","$6,756,452",12826057.0,Loss
476,10/31/2014,Before I Go to Sleep,"$22,000,000","$3,242,457","$19,563,579",22806036.0,Profit
477,4/6/2018,Blockers,"$21,000,000","$59,775,230","$92,275,230",152050460.0,Profit
478,2/24/2017,Bitter Harvest,"$21,000,000","$557,241","$606,162",1163403.0,Loss
479,12/9/2016,La La Land,"$20,000,000","$151,101,803","$427,535,542",578637345.0,Profit
480,7/19/2013,The Conjuring,"$20,000,000","$137,400,141","$318,000,141",455400282.0,Profit
481,11/17/2017,Wonder,"$20,000,000","$132,422,809","$299,763,330",432186139.0,Profit
482,7/29/2016,Bad Moms,"$20,000,000","$113,257,297","$181,457,297",294714594.0,Profit
483,7/2/2014,Tammy,"$20,000,000","$84,525,432","$96,407,655",180933087.0,Profit
484,10/21/2016,Tyler Perryâs Boo! A Madea Halloween,"$20,000,000","$73,206,343","$73,206,343",146412686.0,Profit
485,10/18/2013,12 Years a Slave,"$20,000,000","$56,671,993","$181,025,343",237697336.0,Profit
486,6/3/2016,Me Before You,"$20,000,000","$56,245,075","$205,445,075",261690150.0,Profit
487,4/15/2016,Barbershop: The Next Cut,"$20,000,000","$54,030,051","$54,404,202",108434253.0,Profit
488,1/9/2015,Selma,"$20,000,000","$52,076,908","$66,776,908",118853816.0,Profit
489,10/20/2017,Tyler Perryâs Boo 2! A Madea Halloween,"$20,000,000","$47,319,572","$47,879,572",95199144.0,Profit
490,11/6/2015,Spotlight,"$20,000,000","$45,055,776","$92,207,359",137263135.0,Profit
491,3/30/2018,Acrimony,"$20,000,000","$43,549,096","$46,432,668",89981764.0,Profit
492,6/26/2015,Max,"$20,000,000","$42,656,255","$43,658,157",86314412.0,Profit
493,11/17/2017,The Star,"$20,000,000","$40,847,995","$62,011,755",102859750.0,Profit
494,7/27/2016,Nerve,"$20,000,000","$38,583,626","$61,680,792",100264418.0,Profit
495,2/19/2016,Risen,"$20,000,000","$36,880,033","$46,255,763",83135796.0,Profit
496,1/4/2013,Texas Chainsaw 3D,"$20,000,000","$34,341,945","$47,666,013",82007958.0,Profit
497,9/19/2014,This is Where I Leave You,"$20,000,000","$34,296,320","$41,296,320",75592640.0,Profit
498,4/12/2013,Scary Movie V,"$20,000,000","$32,015,787","$78,613,981",110629768.0,Profit
499,8/23/2013,The World's End,"$20,000,000","$26,004,851","$47,508,505",73513356.0,Profit
500,2/14/2014,Endless Love,"$20,000,000","$23,438,250","$34,718,173",58156423.0,Profit
501,6/16/2017,Rough Night,"$20,000,000","$22,105,643","$46,844,357",68950000.0,Profit
502,11/20/2015,Secret in Their Eyes,"$20,000,000","$20,180,155","$30,808,558",50988713.0,Profit
503,3/31/2017,The Zookeeperâs Wife,"$20,000,000","$17,445,186","$24,521,550",41966736.0,Profit
504,9/29/2017,Flatliners,"$20,000,000","$16,883,115","$45,075,341",61958456.0,Profit
505,10/30/2015,Burnt,"$20,000,000","$13,651,946","$32,632,668",46284614.0,Profit
506,2/26/2016,Triple 9,"$20,000,000","$12,639,297","$25,943,792",38583089.0,Profit
507,9/2/2016,The Light Between Oceans,"$20,000,000","$12,545,979","$19,773,031",32319010.0,Profit
508,6/3/2016,Popstar: Never Stop Never Stopping,"$20,000,000","$9,496,130","$9,537,120",19033250.0,Loss
509,10/27/2017,Thank You for Your Service,"$20,000,000","$9,479,390","$9,718,331",19197721.0,Loss
510,9/20/2013,Battle of the Year,"$20,000,000","$8,888,355","$16,723,377",25611732.0,Profit
511,4/29/2016,Ratchet and Clank,"$20,000,000","$8,813,410","$11,813,410",20626820.0,Profit
512,12/12/2014,Inherent Vice,"$20,000,000","$8,110,975","$14,772,346",22883321.0,Profit
513,10/11/2013,Machete Kills,"$20,000,000","$8,008,161","$18,273,009",26281170.0,Profit
514,4/24/2015,Little Boy,"$20,000,000","$6,485,961","$17,684,355",24170316.0,Profit
515,12/31/2014,A Most Violent Year,"$20,000,000","$5,749,134","$6,071,433",11820567.0,Loss
516,8/26/2016,Hands of Stone,"$20,000,000","$4,712,792","$5,032,013",9744805.0,Loss
517,11/3/2017,LBJ,"$20,000,000","$2,468,683","$2,496,118",4964801.0,Loss
518,11/13/2015,My All-American,"$20,000,000","$2,246,000","$2,246,000",4492000.0,Loss
519,4/28/2017,JÃ¬yÃ¬ dÃ shÄ«,"$20,000,000","$587,470","$43,326,383",43913853.0,Profit
520,11/13/2015,By the Sea,"$20,000,000","$538,460","$3,727,746",4266206.0,Loss
521,10/30/2015,Regression,"$20,000,000","$55,039","$14,883,495",14938534.0,Loss
522,12/1/2017,The Shape of Water,"$19,500,000","$63,859,435","$190,395,600",254255035.0,Profit
523,8/12/2016,Sausage Party,"$19,000,000","$97,670,358","$141,354,394",239024752.0,Profit
524,11/8/2013,The Book Thief,"$19,000,000","$21,488,481","$76,086,711",97575192.0,Profit
525,6/1/2018,Action Point,"$19,000,000","$4,448,033","$4,448,033",8896066.0,Loss
526,5/9/2014,Neighbors,"$18,000,000","$150,086,800","$270,944,428",421031228.0,Profit
527,3/25/2016,My Big Fat Greek Wedding 2,"$18,000,000","$59,689,605","$92,048,018",151737623.0,Profit
528,9/11/2015,The Perfect Guy,"$18,000,000","$57,027,435","$60,278,166",117305601.0,Profit
529,10/17/2014,Birdman or (The Unexpected Virtue of Ignorance),"$18,000,000","$42,340,598","$103,215,094",145555692.0,Profit
530,7/26/2013,Blue Jasmine,"$18,000,000","$33,404,871","$102,912,961",136317832.0,Profit
531,8/7/2015,Ricki and the Flash,"$18,000,000","$26,839,498","$41,166,033",68005531.0,Profit
532,11/13/2015,Love the Coopers,"$18,000,000","$26,302,731","$42,167,286",68470017.0,Profit
533,4/28/2017,The Circle,"$18,000,000","$20,497,844","$40,651,864",61149708.0,Profit
534,1/15/2016,Norm of the North,"$18,000,000","$17,062,499","$27,392,195",44454694.0,Profit
535,8/16/2013,Jobs,"$18,000,000","$16,131,410","$43,402,515",59533925.0,Profit
536,7/25/2014,And So It Goes,"$18,000,000","$15,160,801","$17,762,041",32922842.0,Profit
537,1/31/2014,Labor Day,"$18,000,000","$13,371,528","$14,189,810",27561338.0,Profit
538,8/30/2013,Getaway,"$18,000,000","$10,501,938","$11,813,989",22315927.0,Profit
539,4/11/2014,The Railway Man,"$18,000,000","$4,438,438","$23,910,210",28348648.0,Profit
540,3/18/2016,Midnight Special,"$18,000,000","$3,712,282","$7,680,250",11392532.0,Loss
541,11/25/2016,Miss Sloane,"$18,000,000","$3,500,605","$5,946,983",9447588.0,Loss
542,9/27/2013,Metallica Through the Never,"$18,000,000","$3,419,967","$9,082,906",12502873.0,Loss
543,3/17/2017,T2: Trainspotting,"$18,000,000","$2,402,004","$42,074,024",44476028.0,Profit
544,3/1/2013,Phantom,"$18,000,000","$1,034,589","$1,199,510",2234099.0,Loss
545,11/27/2013,Black Nativity,"$17,500,000","$7,018,188","$7,285,135",14303323.0,Loss
546,4/6/2018,A Quiet Place,"$17,000,000","$185,460,343","$324,260,343",509720686.0,Profit
547,8/13/2014,Letâs Be Cops,"$17,000,000","$82,390,774","$136,890,774",219281548.0,Profit
548,11/15/2013,The Best Man Holiday,"$17,000,000","$70,525,195","$72,835,710",143360905.0,Profit
549,4/5/2013,Evil Dead,"$17,000,000","$54,239,856","$97,778,356",152018212.0,Profit
550,2/20/2015,"McFarland, USA","$17,000,000","$44,480,275","$45,707,924",90188199.0,Profit
551,11/11/2016,Almost Christmas,"$17,000,000","$42,065,185","$42,493,506",84558691.0,Profit
552,6/10/2016,Genius,"$17,000,000","$1,361,045","$5,653,176",7014221.0,Loss
553,6/26/2015,Escobar: Paradise Lost,"$17,000,000","$195,792","$1,973,945",2169737.0,Loss
554,3/11/2016,The Young Messiah,"$16,800,000","$6,469,813","$7,313,697",13783510.0,Loss
555,10/3/2014,Left Behind,"$16,000,000","$14,019,924","$20,769,209",34789133.0,Profit
556,11/18/2016,Bleed for This,"$16,000,000","$5,083,906","$6,248,077",11331983.0,Loss
557,11/14/2014,The Homesman,"$16,000,000","$2,429,989","$8,217,571",10647560.0,Loss
558,4/5/2013,Trance,"$16,000,000","$2,322,593","$22,594,052",24916645.0,Profit
559,5/16/2014,The Immigrant,"$16,000,000","$2,013,456","$7,585,011",9598467.0,Loss
560,10/1/2014,"Men, Women and Children","$16,000,000","$705,908","$1,705,908",2411816.0,Loss
561,8/11/2017,Annabelle: Creation,"$15,000,000","$102,092,201","$305,492,201",407584402.0,Profit
562,10/25/2013,Jackass Presents: Bad Grandpa,"$15,000,000","$102,003,019","$160,903,019",262906038.0,Profit
563,11/28/2014,The Imitation Game,"$15,000,000","$91,125,143","$227,773,686",318898829.0,Profit
564,1/18/2013,Mama,"$15,000,000","$71,628,180","$148,095,566",219723746.0,Profit
565,2/22/2013,Snitch,"$15,000,000","$42,930,462","$57,907,734",100838196.0,Profit
566,12/4/2015,Krampus,"$15,000,000","$42,725,475","$61,788,393",104513868.0,Profit
567,12/3/2014,Wild,"$15,000,000","$37,880,356","$52,460,543",90340899.0,Profit
568,11/7/2014,The Theory of Everything,"$15,000,000","$35,893,537","$123,327,692",159221229.0,Profit
569,8/22/2014,When the Game Stands Tall,"$15,000,000","$30,127,963","$30,138,912",60266875.0,Profit
570,9/8/2017,Home Again,"$15,000,000","$27,020,284","$37,337,061",64357345.0,Profit
571,8/27/2014,The November Man,"$15,000,000","$25,018,119","$34,820,335",59838454.0,Profit
572,3/29/2013,The Place Beyond the Pines,"$15,000,000","$21,403,519","$47,011,449",68414968.0,Profit
573,4/29/2016,Keanu,"$15,000,000","$20,591,853","$20,688,141",41279994.0,Profit
574,7/25/2014,A Most Wanted Man,"$15,000,000","$17,237,855","$36,068,890",53306745.0,Profit
575,1/20/2017,The Founder,"$15,000,000","$12,786,053","$18,518,891",31304944.0,Profit
576,5/10/2013,Peeples,"$15,000,000","$9,177,065","$9,307,166",18484231.0,Profit
577,1/4/2013,Promised Land,"$15,000,000","$7,597,898","$12,394,562",19992460.0,Profit
578,10/30/2015,Scouts Guide to the Zombie Apocalypse,"$15,000,000","$3,703,046","$15,554,855",19257901.0,Profit
579,10/16/2015,Nie yin niang,"$15,000,000","$632,542","$6,832,542",7465084.0,Loss
580,4/26/2013,The Reluctant Fundamentalist,"$15,000,000","$528,731","$528,731",1057462.0,Loss
581,9/6/2013,Winnie Mandela,"$15,000,000","$61,847","$61,847",123694.0,Loss
582,7/1/2015,Magic Mike XXL,"$14,500,000","$66,013,057","$123,709,460",189722517.0,Profit
583,2/20/2015,Hot Tub Time Machine 2,"$14,000,000","$12,314,651","$12,452,601",24767252.0,Profit
584,10/23/2015,Suffragette,"$14,000,000","$4,702,420","$34,044,909",38747329.0,Profit
585,12/19/2014,Mr. Turner,"$14,000,000","$3,958,546","$25,187,026",29145572.0,Profit
586,4/4/2014,Under the Skin,"$13,300,000","$2,614,251","$7,229,933",9844184.0,Loss
587,9/12/2014,No Good Deed,"$13,200,000","$52,543,632","$54,323,210",106866842.0,Profit
588,3/16/2016,Miracles from Heaven,"$13,000,000","$61,705,123","$73,798,720",135503843.0,Profit
589,6/24/2016,The Shallows,"$13,000,000","$55,121,623","$118,888,025",174009648.0,Profit
590,2/14/2014,About Last Night,"$13,000,000","$48,637,684","$50,445,860",99083544.0,Profit
591,10/10/2014,St. Vincent,"$13,000,000","$44,137,712","$54,837,234",98974946.0,Profit
592,7/2/2014,Earth to Echo,"$13,000,000","$38,934,842","$42,174,545",81109387.0,Profit
593,3/1/2013,21 and Over,"$13,000,000","$25,682,380","$42,195,766",67878146.0,Profit
594,4/10/2015,Ex Machina,"$13,000,000","$25,440,971","$38,976,797",64417768.0,Profit
595,3/11/2016,Eye in the Sky,"$13,000,000","$18,704,596","$34,916,128",53620724.0,Profit
596,3/22/2013,Admission,"$13,000,000","$18,007,317","$18,733,666",36740983.0,Profit
597,10/16/2015,Room,"$13,000,000","$14,677,674","$36,262,783",50940457.0,Profit
598,10/16/2015,Woodlawn,"$13,000,000","$14,394,097","$14,403,703",28797800.0,Profit
599,7/24/2015,The Vatican Tapes,"$13,000,000","$1,784,763","$14,999,638",16784401.0,Profit
600,8/14/2015,Brothers,"$13,000,000","$656,688","$17,856,688",18513376.0,Profit
601,3/15/2013,The Call,"$12,800,000","$51,872,378","$69,821,476",121693854.0,Profit
602,8/5/2016,Operation Chromite,"$12,700,000","$1,022,720","$49,196,532",50219252.0,Profit
603,9/12/2014,The Drop,"$12,600,000","$10,724,389","$19,054,534",29778923.0,Profit
604,3/1/2013,Ernest et Celestine,"$12,500,000","$292,562","$9,376,444",9669006.0,Loss
605,6/6/2014,The Fault in Our Stars,"$12,000,000","$124,872,350","$307,166,834",432039184.0,Profit
606,4/16/2014,Heaven is for Real,"$12,000,000","$91,386,097","$100,919,111",192305208.0,Profit
607,11/10/2017,"Three Billboards Outside Ebbing, Missouri","$12,000,000","$54,513,740","$154,167,354",208681094.0,Profit
608,11/25/2016,Lion,"$12,000,000","$51,739,495","$147,539,495",199278990.0,Profit
609,5/4/2018,Overboard,"$12,000,000","$47,557,579","$80,627,579",128185158.0,Profit
610,11/22/2013,Philomena,"$12,000,000","$37,709,979","$98,963,392",136673371.0,Profit
611,7/24/2015,Paper Towns,"$12,000,000","$32,000,304","$85,512,300",117512604.0,Profit
612,8/12/2016,Hell or High Water,"$12,000,000","$27,007,844","$37,584,304",64592148.0,Profit
613,12/12/2014,Top Five,"$12,000,000","$25,317,379","$25,514,848",50832227.0,Profit
614,1/30/2015,Project Almanac,"$12,000,000","$22,348,241","$32,909,437",55257678.0,Profit
615,11/15/2013,Nebraska,"$12,000,000","$17,654,912","$24,761,360",42416272.0,Profit
616,11/1/2013,About Time,"$12,000,000","$15,323,921","$89,309,178",104633099.0,Profit
617,7/14/2017,Wish Upon,"$12,000,000","$14,301,505","$23,477,345",37778850.0,Profit
618,4/21/2017,Unforgettable,"$12,000,000","$11,368,012","$16,237,738",27605750.0,Profit
619,10/13/2017,Marshall,"$12,000,000","$10,051,659","$10,111,433",20163092.0,Profit
620,11/15/2013,La grande bellezza,"$12,000,000","$2,883,879","$29,549,145",32433024.0,Profit
621,3/1/2013,Stoker,"$12,000,000","$1,703,125","$12,034,913",13738038.0,Profit
622,10/9/2015,Trash,"$12,000,000","$17,484","$6,553,186",6570670.0,Loss
623,11/11/2015,10 Days in a Madhouse,"$12,000,000","$14,616","$14,616",29232.0,Loss
624,9/23/2016,The Dressmaker,"$11,900,000","$2,022,115","$24,041,617",26063732.0,Profit
625,11/20/2015,Carol,"$11,800,000","$12,711,491","$43,143,595",55855086.0,Profit
626,1/22/2016,Dirty Grandpa,"$11,500,000","$35,593,113","$105,241,410",140834523.0,Profit
627,8/22/2014,If I Stay,"$11,000,000","$50,474,843","$78,356,170",128831013.0,Profit
628,11/4/2015,Brooklyn,"$11,000,000","$38,322,743","$62,076,141",100398884.0,Profit
629,4/1/2015,Woman in Gold,"$11,000,000","$33,307,793","$56,991,059",90298852.0,Profit
630,12/8/2017,"I, Tonya","$11,000,000","$30,014,534","$46,406,819",76421353.0,Profit
631,1/11/2013,Quartet,"$11,000,000","$18,388,357","$56,178,935",74567292.0,Profit
632,12/6/2013,Inside Llewyn Davis,"$11,000,000","$13,248,209","$32,943,247",46191456.0,Profit
633,12/6/2013,The Last Days on Mars,"$10,600,000","$24,084","$261,364",285448.0,Loss
634,8/26/2016,Donât Breathe,"$10,000,000","$89,217,875","$159,047,649",248265524.0,Profit
635,7/1/2016,The Purge: Election Year,"$10,000,000","$79,042,440","$118,557,124",197599564.0,Profit
636,5/18/2018,Book Club,"$10,000,000","$56,874,124","$61,609,635",118483759.0,Profit
637,6/5/2015,Insidious Chapter 3,"$10,000,000","$52,218,558","$120,678,444",172897002.0,Profit
638,11/3/2017,Lady Bird,"$10,000,000","$48,958,273","$77,057,552",126015825.0,Profit
639,3/16/2018,"Love, Simon","$10,000,000","$40,823,927","$57,220,846",98044773.0,Profit
640,10/27/2017,Jigsaw,"$10,000,000","$38,052,832","$102,630,330",140683162.0,Profit
641,1/22/2016,The Boy,"$10,000,000","$35,819,556","$68,220,952",104040508.0,Profit
642,5/19/2017,"Everything, Everything","$10,000,000","$34,121,140","$61,621,140",95742280.0,Profit
643,3/6/2015,The Second Best Exotic Marigold Hotel,"$10,000,000","$33,078,266","$90,384,306",123462572.0,Profit
644,4/28/2017,How to Be a Latin Lover,"$10,000,000","$32,149,404","$62,556,228",94705632.0,Profit
645,9/9/2016,When the Bough Breaks,"$10,000,000","$29,747,603","$30,768,449",60516052.0,Profit
646,8/30/2013,One Direction: This is Us,"$10,000,000","$28,873,374","$68,541,786",97415160.0,Profit
647,8/21/2015,Sinister 2,"$10,000,000","$27,740,955","$54,104,225",81845180.0,Profit
648,1/8/2016,The Forest,"$10,000,000","$26,594,261","$40,579,218",67173479.0,Profit
649,10/14/2016,Kevin Hart: What Now?,"$10,000,000","$23,591,043","$23,591,043",47182086.0,Profit
650,4/26/2013,Mud,"$10,000,000","$21,590,086","$31,556,959",53147045.0,Profit
651,9/16/2016,Blair Witch,"$10,000,000","$20,777,061","$37,493,221",58270282.0,Profit
652,10/23/2015,Paranormal Activity: The Ghost Dimension,"$10,000,000","$18,297,124","$78,096,553",96393677.0,Profit
653,10/7/2016,The Birth of a Nation,"$10,000,000","$15,861,566","$16,847,879",32709445.0,Profit
654,12/25/2014,Big Eyes,"$10,000,000","$14,482,031","$27,317,872",41799903.0,Profit
655,6/8/2018,Hereditary,"$10,000,000","$13,030,000","$16,530,000",29560000.0,Profit
656,1/25/2013,Movie 43,"$10,000,000","$8,840,453","$31,164,747",40005200.0,Profit
657,3/14/2014,Bad Words,"$10,000,000","$7,779,614","$7,843,145",15622759.0,Profit
658,3/27/2015,While We're Young,"$10,000,000","$7,582,065","$13,423,176",21005241.0,Profit
659,11/11/2016,Shut In,"$10,000,000","$6,900,335","$11,361,962",18262297.0,Profit
660,3/20/2015,Danny Collins,"$10,000,000","$5,637,066","$7,501,132",13138198.0,Profit
661,3/30/2016,Everybody Wants Some,"$10,000,000","$3,400,278","$5,437,126",8837404.0,Loss
662,11/14/2014,Rosewater,"$10,000,000","$3,128,941","$3,168,858",6297799.0,Loss
663,5/3/2013,The Iceman,"$10,000,000","$1,930,282","$3,623,609",5553891.0,Loss
664,4/21/2017,Free Fire,"$10,000,000","$1,799,322","$3,793,739",5593061.0,Loss
665,3/21/2014,50 to 1,"$10,000,000","$1,069,454","$1,069,454",2138908.0,Loss
666,10/4/2013,Parkland,"$10,000,000","$641,439","$1,616,353",2257792.0,Loss
667,5/3/2013,"Cinco de Mayo, La Batalla","$10,000,000","$173,472","$173,472",346944.0,Loss
668,9/9/2016,Kicks,"$10,000,000","$150,191","$150,191",300382.0,Loss
669,11/7/2014,Elsa & Fred,"$10,000,000","$67,657","$109,144",176801.0,Loss
670,7/10/2015,Strangerland,"$10,000,000","$17,472","$161,097",178569.0,Loss
671,3/13/2015,Hross i oss,"$10,000,000","$11,894","$11,894",23788.0,Loss
672,12/26/2014,Barbecue,"$10,000,000",$388,"$173,613",174001.0,Loss
673,7/18/2014,The Purge: Anarchy,"$9,000,000","$71,562,550","$111,534,881",183097431.0,Profit
674,10/21/2016,Ouija: Origin of Evil,"$9,000,000","$35,144,505","$81,831,866",116976371.0,Profit
675,1/30/2015,Black or White,"$9,000,000","$21,571,189","$21,571,189",43142378.0,Profit
676,11/18/2016,The Edge of Seventeen,"$9,000,000","$14,431,633","$18,802,255",33233888.0,Profit
677,12/2/2016,Jackie,"$9,000,000","$13,960,394","$25,969,736",39930130.0,Profit
678,11/4/2016,Loving,"$9,000,000","$7,710,234","$12,927,162",20637396.0,Profit
679,8/26/2016,Greater,"$9,000,000","$2,000,093","$2,000,093",4000186.0,Loss
680,5/6/2016,Dheepan,"$9,000,000","$248,795","$7,714,549",7963344.0,Loss
681,5/8/2015,Skin Trade,"$9,000,000","$1,242","$1,242",2484.0,Loss
682,11/13/2015,Heist,"$8,900,000","$50,136","$3,324,184",3374320.0,Loss
683,11/18/2016,Manchester by the Sea,"$8,500,000","$47,695,371","$77,761,947",125457318.0,Profit
684,2/20/2015,The DUFF,"$8,500,000","$34,030,343","$43,528,634",77558977.0,Profit
685,10/31/2014,Nightcrawler,"$8,500,000","$32,381,218","$50,334,418",82715636.0,Profit
686,9/27/2013,Baggage Claim,"$8,500,000","$21,569,509","$22,885,836",44455345.0,Profit
687,10/7/2016,Middle School: The Worst Years of My Life,"$8,500,000","$20,007,149","$23,311,425",43318574.0,Profit
688,10/18/2013,All is Lost,"$8,500,000","$6,263,670","$10,386,814",16650484.0,Profit
689,6/13/2014,The Rover,"$8,500,000","$1,109,199","$3,180,252",4289451.0,Loss
690,5/31/2013,Yeh Jawaani Hai Deewani,"$8,300,000","$3,827,466","$50,827,466",54654932.0,Profit
691,1/31/2014,That Awkward Moment,"$8,000,000","$26,068,955","$53,068,955",79137910.0,Profit
692,9/18/2013,Enough Said,"$8,000,000","$17,550,872","$25,621,449",43172321.0,Profit
693,6/27/2014,Begin Again,"$8,000,000","$16,170,632","$68,838,736",85009368.0,Profit
694,6/12/2015,Me and Earl and the Dying Girl,"$8,000,000","$6,758,416","$9,266,180",16024596.0,Profit
695,9/2/2016,Morgan,"$8,000,000","$3,915,251","$7,298,786",11214037.0,Profit
696,12/30/2015,Anomalisa,"$8,000,000","$3,759,286","$5,538,273",9297559.0,Profit
697,11/18/2016,A Street Cat Named Bob,"$8,000,000","$82,703","$8,370,555",8453258.0,Profit
698,5/22/2015,Aloft,"$8,000,000","$53,086","$53,086",106172.0,Loss
699,4/14/2015,Loin des hommes,"$7,700,000","$5,336","$1,080,428",1085764.0,Loss
700,6/24/2016,The Neon Demon,"$7,500,000","$1,333,124","$3,559,803",4892927.0,Loss
701,4/13/2018,Borg vs McEnroe,"$7,500,000","$231,346","$3,086,175",3317521.0,Loss
702,1/13/2017,The Bye Bye Man,"$7,400,000","$22,395,806","$25,863,405",48259211.0,Profit
703,3/16/2018,I Can Only Imagine,"$7,000,000","$83,196,367","$84,682,252",167878619.0,Profit
704,6/19/2015,Dope,"$7,000,000","$17,506,470","$18,190,831",35697301.0,Profit
705,1/17/2014,Devil's Due,"$7,000,000","$15,821,461","$36,146,087",51967548.0,Profit
706,11/14/2014,Beyond the Lights,"$7,000,000","$14,618,727","$14,618,727",29237454.0,Profit
707,11/15/2013,The Christmas Candle,"$7,000,000","$1,632,000","$1,933,829",3565829.0,Loss
708,10/2/2015,Freeheld,"$7,000,000","$546,201","$1,732,228",2278429.0,Loss
709,4/2/2014,Dom Hemingway,"$7,000,000","$523,511","$1,857,458",2380969.0,Loss
710,1/30/2015,Trudno byt bogom,"$7,000,000","$31,443","$35,919",67362.0,Loss
711,10/3/2014,Annabelle,"$6,500,000","$84,273,813","$256,862,920",341136733.0,Profit
712,5/31/2013,The East,"$6,500,000","$2,274,649","$3,027,956",5302605.0,Loss
713,5/11/2018,Breaking In,"$6,000,000","$43,987,185","$46,487,185",90474370.0,Profit
714,7/18/2014,Wish I Was Here,"$6,000,000","$3,591,299","$6,591,365",10182664.0,Profit
715,3/14/2014,Veronica Mars,"$6,000,000","$3,322,127","$3,485,383",6807510.0,Profit
716,1/23/2015,Song One,"$6,000,000","$32,251","$437,089",469340.0,Loss
717,9/27/2013,Don Jon,"$5,500,000","$24,477,704","$41,268,579",65746283.0,Profit
718,1/23/2015,R100,"$5,500,000","$24,956","$24,956",49912.0,Loss
719,10/11/2013,La Vie d'AdÃ¨le â Chapitres 1 & 2,"$5,250,000","$2,450,504","$22,934,370",25384874.0,Profit
720,2/24/2017,Get Out,"$5,000,000","$176,040,665","$255,209,057",431249722.0,Profit
721,1/20/2017,Split,"$5,000,000","$138,141,585","$278,449,984",416591569.0,Profit
722,9/13/2013,Insidious Chapter 2,"$5,000,000","$83,586,447","$161,921,515",245507962.0,Profit
723,3/11/2016,10 Cloverfield Lane,"$5,000,000","$72,082,999","$108,286,422",180369421.0,Profit
724,7/22/2016,Lights Out,"$5,000,000","$67,268,835","$148,868,835",216137670.0,Profit
725,9/11/2015,The Visit,"$5,000,000","$65,206,105","$98,689,296",163895401.0,Profit
726,10/13/2017,Happy Death Day,"$5,000,000","$55,683,845","$124,967,272",180651117.0,Profit
727,10/24/2014,Ouija,"$5,000,000","$50,856,010","$103,683,342",154539352.0,Profit
728,8/30/2013,No se Aceptan Devoluciones,"$5,000,000","$44,467,206","$100,486,616",144953822.0,Profit
729,8/7/2015,The Gift,"$5,000,000","$43,787,265","$58,978,653",102765918.0,Profit
730,6/23/2017,The Big Sick,"$5,000,000","$42,872,467","$53,005,448",95877915.0,Profit
731,1/3/2014,Paranormal Activity: The Marked Ones,"$5,000,000","$32,462,372","$87,251,115",119713487.0,Profit
732,4/11/2014,Oculus,"$5,000,000","$27,695,246","$44,115,496",71810742.0,Profit
733,11/1/2013,Dallas Buyers Club,"$5,000,000","$27,298,285","$60,611,845",87910130.0,Profit
734,8/26/2015,No Escape,"$5,000,000","$27,288,872","$42,844,516",70133388.0,Profit
735,2/27/2015,The Lazarus Effect,"$5,000,000","$25,801,570","$35,341,814",61143384.0,Profit
736,7/5/2013,The Way Way Back,"$5,000,000","$21,502,690","$26,853,810",48356500.0,Profit
737,8/29/2014,"As Above, So Below","$5,000,000","$21,222,315","$41,824,066",63046381.0,Profit
738,4/1/2016,Godâs Not Dead 2,"$5,000,000","$20,773,069","$23,562,057",44335126.0,Profit
739,2/19/2016,Race,"$5,000,000","$19,115,191","$22,178,125",41293316.0,Profit
740,1/16/2015,Still Alice,"$5,000,000","$18,656,400","$41,699,612",60356012.0,Profit
741,3/23/2018,"Paul, Apostle of Christ","$5,000,000","$17,547,999","$23,194,175",40742174.0,Profit
742,10/10/2014,Addicted,"$5,000,000","$17,390,770","$17,499,242",34890012.0,Profit
743,3/15/2013,Spring Breakers,"$5,000,000","$14,124,286","$31,149,251",45273537.0,Profit
744,6/9/2017,It Comes at Night,"$5,000,000","$13,985,117","$19,720,203",33705320.0,Profit
745,7/15/2016,Hillaryâs America: The Secret History of the Democratic Party,"$5,000,000","$13,099,931","$13,099,931",26199862.0,Profit
746,1/29/2016,Fifty Shades of Black,"$5,000,000","$11,686,940","$21,152,319",32839259.0,Profit
747,5/9/2014,Momsâ Night Out,"$5,000,000","$10,429,707","$10,537,341",20967048.0,Profit
748,3/17/2017,The Belko Experiment,"$5,000,000","$10,166,820","$10,753,399",20920219.0,Profit
749,3/11/2016,The Perfect Match,"$5,000,000","$9,669,521","$9,669,521",19339042.0,Profit
750,9/11/2015,90 Minutes in Heaven,"$5,000,000","$4,816,142","$4,816,142",9632284.0,Profit
751,12/2/2016,Incarnate,"$5,000,000","$4,799,774","$7,041,835",11841609.0,Profit
752,3/3/2017,Table 19,"$5,000,000","$3,614,896","$4,620,399",8235295.0,Profit
753,4/15/2016,Green Room,"$5,000,000","$3,220,371","$3,807,503",7027874.0,Profit
754,10/10/2014,Kill the Messenger,"$5,000,000","$2,450,846","$6,656,705",9107551.0,Profit
755,10/23/2015,Jem and the Holograms,"$5,000,000","$2,184,640","$2,368,937",4553577.0,Loss
756,12/28/2016,Paterson,"$5,000,000","$2,141,423","$10,762,654",12904077.0,Profit
757,9/12/2014,Atlas Shrugged: Who Is John Galt?,"$5,000,000","$851,690","$851,690",1703380.0,Loss
758,8/16/2013,Ain't Them Bodies Saints,"$5,000,000","$391,611","$1,075,009",1466620.0,Loss
759,9/26/2014,Jimi: All is By My Side,"$5,000,000","$340,911","$927,074",1267985.0,Loss
760,8/7/2015,Cop Car,"$5,000,000","$134,552","$143,658",278210.0,Loss
761,10/17/2014,Rudderless,"$5,000,000","$56,001","$567,219",623220.0,Loss
762,5/15/2015,Area 51,"$5,000,000","$7,556","$7,556",15112.0,Loss
763,1/23/2015,Mommy,"$4,900,000","$3,498,695","$17,554,183",21052878.0,Profit
764,7/19/2013,Only God Forgives,"$4,800,000","$775,849","$4,494,560",5270409.0,Profit
765,3/25/2016,The Lobster,"$4,500,000","$9,196,278","$18,050,296",27246574.0,Profit
766,5/8/2015,Maggie,"$4,500,000","$187,112","$597,989",785101.0,Loss
767,3/1/2013,The Sweeney,"$4,500,000","$26,345","$8,000,366",8026711.0,Profit
768,9/4/2014,Falcon Rising,"$4,500,000","$11,774","$11,774",23548.0,Loss
769,1/23/2015,The Boy Next Door,"$4,000,000","$36,006,065","$53,401,938",89408003.0,Profit
770,7/11/2014,Boyhood,"$4,000,000","$25,379,975","$57,273,049",82653024.0,Profit
771,4/18/2014,A Haunted House 2,"$4,000,000","$17,329,487","$21,206,861",38536348.0,Profit
772,3/1/2013,The Last Exorcism Part II,"$4,000,000","$15,179,303","$25,448,707",40628010.0,Profit
773,5/13/2016,The Darkness,"$4,000,000","$10,753,574","$10,898,293",21651867.0,Profit
774,6/13/2014,The Signal,"$4,000,000","$600,896","$2,665,322",3266218.0,Loss
775,3/7/2014,The Face of Love,"$4,000,000","$385,069","$1,158,877",1543946.0,Loss
776,4/11/2014,Joe,"$4,000,000","$373,375","$373,375",746750.0,Loss
777,8/25/2017,Polina danser sa vie,"$4,000,000","$165,203","$212,723",377926.0,Loss
778,4/10/2015,Desert Dancer,"$4,000,000","$155,271","$324,218",479489.0,Loss
779,1/30/2015,"Guten Tag, Ramon","$4,000,000","$154,356","$4,854,356",5008712.0,Profit
780,6/19/2015,Manglehorn,"$4,000,000","$132,270","$797,439",929709.0,Loss
781,2/27/2015,Praia do Futuro,"$4,000,000","$20,620","$760,678",781298.0,Loss
782,2/22/2013,Inescapable,"$4,000,000","$4,327","$4,327",8654.0,Loss
783,3/10/2017,Raw,"$3,800,000","$514,870","$3,331,007",3845877.0,Profit
784,4/13/2018,Truth or Dare,"$3,500,000","$40,717,020","$87,517,020",128234040.0,Profit
785,2/19/2016,The Witch,"$3,500,000","$25,138,705","$40,454,520",65593225.0,Profit
786,2/2/2018,Winchester,"$3,500,000","$25,091,816","$38,690,848",63782664.0,Profit
787,2/22/2013,Dark Skies,"$3,500,000","$17,418,667","$27,704,111",45122778.0,Profit
788,1/19/2018,Forever My Girl,"$3,500,000","$16,376,066","$16,376,066",32752132.0,Profit
789,3/18/2016,The Bronze,"$3,500,000","$615,816","$615,816",1231632.0,Loss
790,1/8/2016,The Masked Saint,"$3,500,000","$182,695","$182,695",365390.0,Loss
791,6/3/2016,Time to Choose,"$3,500,000","$29,233","$29,233",58466.0,Loss
792,5/17/2013,Jagten,"$3,450,000","$687,185","$18,309,793",18996978.0,Profit
793,10/10/2014,Whiplash,"$3,300,000","$13,092,006","$33,474,334",46566340.0,Profit
794,4/22/2016,The Meddler,"$3,200,000","$4,267,219","$5,526,942",9794161.0,Profit
795,8/28/2015,War Room,"$3,000,000","$67,790,117","$73,975,239",141765356.0,Profit
796,6/7/2013,The Purge,"$3,000,000","$64,473,115","$91,266,581",155739696.0,Profit
797,5/24/2013,Before Midnight,"$3,000,000","$8,110,621","$23,251,930",31362551.0,Profit
798,7/22/2016,Donât Think Twice,"$3,000,000","$4,417,983","$4,417,983",8835966.0,Profit
799,6/24/2016,Swiss Army Man,"$3,000,000","$4,210,454","$5,837,111",10047565.0,Profit
800,5/17/2013,Frances Ha,"$3,000,000","$4,067,398","$11,262,769",15330167.0,Profit
801,4/22/2016,Compadres,"$3,000,000","$3,127,773","$7,445,044",10572817.0,Profit
802,9/19/2014,Tusk,"$3,000,000","$1,821,983","$1,857,688",3679671.0,Profit
803,8/15/2014,Fort McCoy,"$3,000,000","$78,948","$78,948",157896.0,Loss
804,9/4/2015,Before We Go,"$3,000,000","$37,151","$483,938",521089.0,Loss
805,5/2/2014,Ida,"$2,600,000","$3,827,060","$15,298,355",19125415.0,Profit
806,1/11/2013,A Haunted House,"$2,500,000","$40,041,683","$59,922,558",99964241.0,Profit
807,7/3/2013,Kevin Hart: Let Me Explain,"$2,500,000","$32,244,051","$32,327,255",64571306.0,Profit
808,8/2/2013,The Spectacular Now,"$2,500,000","$6,852,971","$6,916,951",13769922.0,Profit
809,6/24/2016,Hunt for the Wilderpeople,"$2,500,000","$5,205,471","$23,238,220",28443691.0,Profit
810,3/1/2013,The Lost Medallion: The Adventures of Billy Stone,"$2,500,000","$549,632","$549,632",1099264.0,Loss
811,8/16/2013,Underdogs,"$2,500,000","$35,017","$35,017",70034.0,Loss
812,3/20/2015,Do You Believe?,"$2,300,000","$12,985,600","$14,305,450",27291050.0,Profit
813,9/5/2014,Frontera,"$2,300,000","$59,696","$59,696",119392.0,Loss
814,10/16/2016,Mi America,"$2,100,000","$3,330","$3,330",6660.0,Loss
815,3/13/2015,It Follows,"$2,000,000","$14,674,077","$23,250,755",37924832.0,Profit
816,10/10/2014,Meet the Mormons,"$2,000,000","$6,047,363","$6,049,171",12096534.0,Profit
817,8/25/2017,All Saints,"$2,000,000","$5,802,208","$5,941,994",11744202.0,Profit
818,8/28/2015,We Are Your Friends,"$2,000,000","$3,591,417","$10,166,209",13757626.0,Profit
819,9/18/2015,Captive,"$2,000,000","$2,583,301","$2,791,973",5375274.0,Profit
820,1/20/2017,The Resurrection of Gavin Stone,"$2,000,000","$2,303,792","$2,303,792",4607584.0,Profit
821,8/7/2015,The Diary of a Teenage Girl,"$2,000,000","$1,477,002","$2,279,959",3756961.0,Profit
822,11/28/2014,The Babadook,"$2,000,000","$950,792","$7,482,387",8433179.0,Profit
823,2/13/2015,The Last Five Years,"$2,000,000","$147,299","$147,299",294598.0,Loss
824,9/19/2014,Pump,"$2,000,000","$72,277","$72,277",144554.0,Loss
825,4/7/2015,Lost River,"$2,000,000","$45,431","$73,806",119237.0,Loss
826,2/3/2017,Growing up Smith,"$2,000,000","$35,312","$35,312",70624.0,Loss
827,9/13/2013,Plush,"$2,000,000","$3,080","$28,864",31944.0,Loss
828,4/24/2015,Brotherly Love,"$1,900,000","$478,595","$478,595",957190.0,Loss
829,2/8/2013,ABCD (Any Body Can Dance),"$1,900,000","$222,098","$10,137,234",10359332.0,Profit
830,2/28/2014,The Lunchbox,"$1,700,000","$4,231,500","$12,231,500",16463000.0,Profit
831,10/4/2013,Grace Unplugged,"$1,700,000","$2,507,159","$2,507,159",5014318.0,Profit
832,12/18/2015,Saul fia,"$1,700,000","$1,777,043","$9,696,537",11473580.0,Profit
833,9/26/2014,Two Night Stand,"$1,600,000","$15,600","$868,081",883681.0,Loss
834,10/21/2016,Moonlight,"$1,500,000","$27,854,931","$65,330,558",93185489.0,Profit
835,7/26/2013,The To Do List,"$1,500,000","$3,491,669","$4,128,828",7620497.0,Profit
836,2/1/2013,The Gatekeepers,"$1,500,000","$2,408,553","$2,592,308",5000861.0,Profit
837,10/21/2016,Iâm Not Ashamed,"$1,500,000","$2,082,980","$2,082,980",4165960.0,Profit
838,4/19/2013,The Lords of Salem,"$1,500,000","$1,165,881","$1,541,131",2707012.0,Profit
839,4/22/2016,Unsullied,"$1,500,000","$510,957","$510,957",1021914.0,Loss
840,3/6/2015,Road Hard,"$1,500,000","$113,169","$113,169",226338.0,Loss
841,9/28/2015,"Me, You and Five Bucks","$1,500,000","$2,105","$2,105",4210.0,Loss
842,10/3/2014,La chambre bleue,"$1,400,000","$260,441","$1,945,420",2205861.0,Profit
843,4/5/2013,Eddie: The Sleepwalking Cannibal,"$1,400,000","$1,632","$1,632",3264.0,Loss
844,1/30/2015,Above and Beyond,"$1,300,000","$288,751","$288,751",577502.0,Loss
845,6/13/2014,Los insolitos peces gato,"$1,300,000","$11,278","$16,653",27931.0,Loss
846,4/19/2013,Filly Brown,"$1,250,000","$2,850,357","$2,940,411",5790768.0,Profit
847,4/19/2013,Home Run,"$1,200,000","$2,859,955","$2,859,955",5719910.0,Profit
848,8/28/2015,Que Horas Ela Volta?,"$1,200,000","$376,976","$3,056,292",3433268.0,Profit
849,6/23/2017,Blood Feast,"$1,200,000","$8,708","$8,708",17416.0,Loss
850,9/18/2015,La navaja de Don Juan,"$1,200,000","$4,254","$4,254",8508.0,Loss
851,3/21/2014,Godâs Not Dead,"$1,150,000","$60,755,732","$63,777,092",124532824.0,Profit
852,11/21/2014,The Sleepwalker,"$1,100,000","$2,636","$2,636",5272.0,Loss
853,4/17/2015,Unfriended,"$1,000,000","$32,789,645","$62,869,004",95658649.0,Profit
854,8/23/2013,You're Next,"$1,000,000","$18,494,006","$26,887,177",45381183.0,Profit
855,9/25/2015,The Green Inferno,"$1,000,000","$7,192,291","$12,931,569",20123860.0,Profit
856,9/12/2014,The Skeleton Twins,"$1,000,000","$5,284,309","$5,797,192",11081501.0,Profit
857,6/14/2013,20 Feet From Stardom,"$1,000,000","$4,946,250","$5,892,466",10838716.0,Profit
858,7/28/2017,An Inconvenient Sequel,"$1,000,000","$3,496,795","$4,062,957",7559752.0,Profit
859,6/6/2014,Obvious Child,"$1,000,000","$3,122,616","$3,324,070",6446686.0,Profit
860,8/18/2017,Patti Cake$,"$1,000,000","$800,148","$1,471,090",2271238.0,Profit
861,5/9/2014,Palo Alto,"$1,000,000","$767,732","$1,156,309",1924041.0,Profit
862,10/24/2014,23 Blast,"$1,000,000","$549,185","$549,185",1098370.0,Profit
863,7/19/2013,The Act of Killing,"$1,000,000","$486,919","$501,289",988208.0,Loss
864,7/18/2014,I Origins,"$1,000,000","$336,472","$852,399",1188871.0,Profit
865,11/28/2014,Antarctica: A Year on Ice,"$1,000,000","$288,757","$288,757",577514.0,Loss
866,4/8/2016,The Invitation,"$1,000,000","$231,738","$354,836",586574.0,Loss
867,7/31/2015,Beyond the Brick: A LEGO Brickumentary,"$1,000,000","$101,531","$101,531",203062.0,Loss
868,3/11/2016,Creative Control,"$1,000,000","$63,014","$63,014",126028.0,Loss
869,2/13/2015,Hits,"$1,000,000","$15,156","$15,156",30312.0,Loss
870,10/17/2014,Camp X-Ray,"$1,000,000","$9,837","$9,837",19674.0,Loss
871,4/10/2015,The Sisterhood of Night,"$1,000,000","$6,870","$6,870",13740.0,Loss
872,5/15/2015,Childless,"$1,000,000","$1,036","$1,036",2072.0,Loss
873,7/12/2013,Fruitvale Station,"$900,000","$16,098,998","$17,549,645",33648643.0,Profit
874,4/1/2016,Meet the Blacks,"$900,000","$9,097,072","$9,097,072",18194144.0,Profit
875,4/5/2013,The Brass Teapot,"$900,000","$6,997","$413,733",420730.0,Loss
876,8/28/2015,Windsor Drive,"$850,000","$3,256","$3,256",6512.0,Loss
877,9/19/2014,Not Cool,"$800,000","$35,688","$35,688",71376.0,Loss
878,8/29/2014,Il conformista,"$750,000","$59,656","$59,656",119312.0,Loss
879,10/11/2013,Escape from Tomorrow,"$650,000","$171,962","$171,962",343924.0,Loss
880,5/2/2014,Water & Power,"$600,000","$42,557","$42,557",85114.0,Loss
881,5/22/2015,Drunk Wedding,"$600,000","$3,301","$3,301",6602.0,Loss
882,9/12/2014,Faith Connections,"$550,000","$9,111","$9,111",18222.0,Loss
883,8/23/2013,Drinking Buddies,"$500,000","$343,706","$407,100",750806.0,Profit
884,4/17/2013,Deceptive Practice: The Mysteries and Mentors of Ricky Jay,"$500,000","$152,449","$152,449",304898.0,Loss
885,12/11/2015,O Menino e o Mundo,"$500,000","$129,479","$270,394",399873.0,Loss
886,9/10/2014,Born to Fly: Elizabeth Streb vs. Gravity,"$500,000","$1,822","$1,822",3644.0,Loss
887,6/28/2013,Detention of the Dead,"$500,000","$1,778","$1,778",3556.0,Loss
888,11/20/2015,Siakh lokhamim: ha'slilim ha'gnouzim,"$450,000","$41,260","$42,503",83763.0,Loss
889,7/11/2014,As It Is in Heaven,"$450,000","$13,486","$13,486",26972.0,Loss
890,4/25/2014,Blue Ruin,"$420,000","$258,384","$435,168",693552.0,Profit
891,3/28/2014,Locker 13,"$300,000","$3,496","$3,496",6992.0,Loss
892,10/23/2015,The Looking Glass,"$300,000","$1,711","$1,711",3422.0,Loss
893,4/28/2017,Sleight,"$250,000","$3,930,990","$3,934,450",7865440.0,Profit
894,8/2/2013,The Canyons,"$250,000","$59,671","$62,375",122046.0,Loss
895,6/6/2014,Test,"$250,000","$18,823","$18,823",37646.0,Loss
896,8/15/2014,Night Lights,"$250,000","$12,848","$12,848",25696.0,Loss
897,6/19/2015,The Overnight,"$200,000","$1,109,808","$1,165,996",2275804.0,Profit
898,3/14/2014,The Word,"$200,000","$3,648","$3,648",7296.0,Loss
899,2/27/2015,Butterfly Girl,"$180,000","$17,503","$17,503",35006.0,Loss
900,8/23/2013,Sparrows Dance,"$175,000","$2,602","$2,602",5204.0,Loss
901,6/3/2016,The Fits,"$170,000","$166,425","$169,242",335667.0,Profit
902,4/17/2015,Antarctic Edge: 70Âº South,"$150,000","$7,193","$7,193",14386.0,Loss
903,8/21/2015,Top Spin,"$150,000","$5,858","$5,858",11716.0,Loss
904,7/10/2015,The Gallows,"$100,000","$22,764,410","$41,753,881",64518291.0,Profit
905,3/21/2014,Cheap Thrills,"$100,000","$59,424","$59,424",118848.0,Profit
906,6/19/2014,The Past is a Grotesque Animal,"$100,000","$20,056","$20,056",40112.0,Loss
907,7/17/2015,Dawn of the Crescent Moon,"$75,000","$8,799","$8,799",17598.0,Loss
908,7/25/2014,Happy Christmas,"$70,000","$30,312","$30,312",60624.0,Loss
909,1/25/2013,Supporting Characters,"$60,000","$4,917","$4,917",9834.0,Loss
910,7/31/2015,Counting,"$50,000","$8,374","$8,374",16748.0,Loss
911,1/27/2017,Emily,"$27,000","$3,547","$3,547",7094.0,Loss
