,date,name,budget,domesticgross,worldwidegross
0,5/1/2015,Avengers: Age of Ultron,"$330,600,000","$459,005,868","$1,408,218,722"
1,12/18/2015,Star Wars Ep. VII: The Force Awakens,"$306,000,000","$936,662,225","$2,058,662,225"
2,4/27/2018,Avengers: Infinity War,"$300,000,000","$654,733,699","$1,998,033,699"
3,11/17/2017,Justice League,"$300,000,000","$229,024,295","$655,953,446"
4,11/6/2015,Spectre,"$300,000,000","$200,074,175","$879,620,923"
5,7/2/2013,The Lone Ranger,"$275,000,000","$89,302,115","$260,002,115"
6,5/6/2016,Captain America: Civil War,"$250,000,000","$408,084,349","$1,153,304,495"
7,3/25/2016,Batman v Superman: Dawn of Justice,"$250,000,000","$330,360,194","$868,160,194"
8,12/13/2013,The Hobbit: The Desolation of Smaug,"$250,000,000","$258,366,855","$960,366,855"
9,12/17/2014,The Hobbit: The Battle of the Five Armies,"$250,000,000","$255,119,788","$955,119,788"
10,4/14/2017,The Fate of the Furious,"$250,000,000","$225,764,765","$1,237,466,026"
11,5/26/2017,Pirates of the Caribbean: Dead Men Tell No Tales,"$230,000,000","$172,558,876","$790,697,888"
12,6/14/2013,Man of Steel,"$225,000,000","$291,045,518","$667,999,518"
13,6/21/2017,Transformers: The Last Knight,"$217,000,000","$130,168,683","$603,968,683"
14,6/12/2015,Jurassic World,"$215,000,000","$652,270,625","$1,671,713,208"
15,6/27/2014,Transformers: Age of Extinction,"$210,000,000","$245,439,076","$1,104,039,076"
16,2/16/2018,Black Panther,"$200,000,000","$699,388,067","$1,346,399,843"
17,12/16/2016,Rogue One: A Star Wars Story,"$200,000,000","$532,177,324","$1,050,988,488"
18,6/17/2016,Finding Dory,"$200,000,000","$486,295,561","$1,022,617,376"
19,5/3/2013,Iron Man 3,"$200,000,000","$408,992,272","$1,215,392,272"
20,5/5/2017,Guardians of the Galaxy Vol 2,"$200,000,000","$389,813,101","$862,889,714"
21,6/21/2013,Monsters University,"$200,000,000","$268,488,329","$743,588,329"
22,3/8/2013,Oz the Great and Powerful,"$200,000,000","$234,770,996","$490,359,051"
23,5/23/2014,X-Men: Days of Future Past,"$200,000,000","$233,921,534","$747,862,775"
24,5/2/2014,The Amazing Spider-Man 2,"$200,000,000","$202,853,933","$708,996,336"
25,6/9/2017,The Mummy,"$195,000,000","$80,101,125","$410,333,326"
26,3/1/2013,Jack the Giant Slayer,"$195,000,000","$65,187,603","$197,687,603"
27,4/3/2015,Furious 7,"$190,000,000","$353,007,020","$1,518,722,794"
28,5/16/2013,Star Trek Into Darkness,"$190,000,000","$228,778,661","$467,381,584"
29,6/21/2013,World War Z,"$190,000,000","$202,359,711","$531,514,650"
30,5/10/2013,The Great Gatsby,"$190,000,000","$144,840,419","$351,040,419"
31,7/12/2013,Pacific Rim,"$190,000,000","$101,802,906","$411,002,906"
32,11/25/2015,The Good Dinosaur,"$187,500,000","$123,087,120","$334,350,427"
33,3/10/2017,Kong: Skull Island,"$185,000,000","$168,052,812","$561,137,727"
34,7/22/2016,Star Trek Beyond,"$185,000,000","$158,848,340","$336,398,312"
35,10/6/2017,Blade Runner 2049,"$185,000,000","$92,054,159","$259,356,836"
36,11/3/2017,Thor: Ragnarok,"$180,000,000","$315,058,289","$850,653,412"
37,5/30/2014,Maleficent,"$180,000,000","$241,407,328","$758,536,735"
38,11/18/2016,Fantastic Beasts and Where to Find Them,"$180,000,000","$234,037,575","$803,798,342"
39,7/1/2016,The Legend of Tarzan,"$180,000,000","$126,643,061","$349,143,061"
40,7/21/2017,Valerian and the City of a Thousand Planets,"$180,000,000","$40,479,370","$215,116,144"
41,2/6/2015,Jupiter Ascending,"$179,000,000","$47,482,519","$181,982,519"
42,5/27/2016,X-Men: Apocalypse,"$178,000,000","$155,442,489","$542,742,489"
43,6/6/2014,Edge of Tomorrow,"$178,000,000","$100,206,256","$370,541,256"
44,4/15/2016,The Jungle Book,"$175,000,000","$364,001,123","$963,841,800"
45,6/19/2015,Inside Out,"$175,000,000","$356,461,711","$857,720,660"
46,7/7/2017,Spider-Man: Homecoming,"$175,000,000","$334,201,140","$880,210,429"
47,8/5/2016,Suicide Squad,"$175,000,000","$325,100,054","$746,100,054"
48,11/22/2017,Coco,"$175,000,000","$209,726,015","$800,126,850"
49,5/12/2017,King Arthur: Legend of the Sword,"$175,000,000","$39,175,066","$140,012,608"
50,5/1/2015,Avengers: Age of Ultron,"$330,600,000","$459,005,868","$1,408,218,722"
51,12/18/2015,Star Wars Ep. VII: The Force Awakens,"$306,000,000","$936,662,225","$2,058,662,225"
52,4/27/2018,Avengers: Infinity War,"$300,000,000","$654,733,699","$1,998,033,699"
53,11/17/2017,Justice League,"$300,000,000","$229,024,295","$655,953,446"
54,11/6/2015,Spectre,"$300,000,000","$200,074,175","$879,620,923"
55,7/2/2013,The Lone Ranger,"$275,000,000","$89,302,115","$260,002,115"
56,5/6/2016,Captain America: Civil War,"$250,000,000","$408,084,349","$1,153,304,495"
57,3/25/2016,Batman v Superman: Dawn of Justice,"$250,000,000","$330,360,194","$868,160,194"
58,12/13/2013,The Hobbit: The Desolation of Smaug,"$250,000,000","$258,366,855","$960,366,855"
59,12/17/2014,The Hobbit: The Battle of the Five Armies,"$250,000,000","$255,119,788","$955,119,788"
60,4/14/2017,The Fate of the Furious,"$250,000,000","$225,764,765","$1,237,466,026"
61,5/26/2017,Pirates of the Caribbean: Dead Men Tell No Tales,"$230,000,000","$172,558,876","$790,697,888"
62,6/14/2013,Man of Steel,"$225,000,000","$291,045,518","$667,999,518"
63,6/21/2017,Transformers: The Last Knight,"$217,000,000","$130,168,683","$603,968,683"
64,6/12/2015,Jurassic World,"$215,000,000","$652,270,625","$1,671,713,208"
65,6/27/2014,Transformers: Age of Extinction,"$210,000,000","$245,439,076","$1,104,039,076"
66,2/16/2018,Black Panther,"$200,000,000","$699,388,067","$1,346,399,843"
67,12/16/2016,Rogue One: A Star Wars Story,"$200,000,000","$532,177,324","$1,050,988,488"
68,6/17/2016,Finding Dory,"$200,000,000","$486,295,561","$1,022,617,376"
69,5/3/2013,Iron Man 3,"$200,000,000","$408,992,272","$1,215,392,272"
70,5/5/2017,Guardians of the Galaxy Vol 2,"$200,000,000","$389,813,101","$862,889,714"
71,6/21/2013,Monsters University,"$200,000,000","$268,488,329","$743,588,329"
72,3/8/2013,Oz the Great and Powerful,"$200,000,000","$234,770,996","$490,359,051"
73,5/23/2014,X-Men: Days of Future Past,"$200,000,000","$233,921,534","$747,862,775"
74,5/2/2014,The Amazing Spider-Man 2,"$200,000,000","$202,853,933","$708,996,336"
75,6/9/2017,The Mummy,"$195,000,000","$80,101,125","$410,333,326"
76,3/1/2013,Jack the Giant Slayer,"$195,000,000","$65,187,603","$197,687,603"
77,4/3/2015,Furious 7,"$190,000,000","$353,007,020","$1,518,722,794"
78,5/16/2013,Star Trek Into Darkness,"$190,000,000","$228,778,661","$467,381,584"
79,6/21/2013,World War Z,"$190,000,000","$202,359,711","$531,514,650"
80,5/10/2013,The Great Gatsby,"$190,000,000","$144,840,419","$351,040,419"
81,7/12/2013,Pacific Rim,"$190,000,000","$101,802,906","$411,002,906"
82,11/25/2015,The Good Dinosaur,"$187,500,000","$123,087,120","$334,350,427"
83,3/10/2017,Kong: Skull Island,"$185,000,000","$168,052,812","$561,137,727"
84,7/22/2016,Star Trek Beyond,"$185,000,000","$158,848,340","$336,398,312"
85,10/6/2017,Blade Runner 2049,"$185,000,000","$92,054,159","$259,356,836"
86,11/3/2017,Thor: Ragnarok,"$180,000,000","$315,058,289","$850,653,412"
87,5/30/2014,Maleficent,"$180,000,000","$241,407,328","$758,536,735"
88,11/18/2016,Fantastic Beasts and Where to Find Them,"$180,000,000","$234,037,575","$803,798,342"
89,7/1/2016,The Legend of Tarzan,"$180,000,000","$126,643,061","$349,143,061"
90,7/21/2017,Valerian and the City of a Thousand Planets,"$180,000,000","$40,479,370","$215,116,144"
91,2/6/2015,Jupiter Ascending,"$179,000,000","$47,482,519","$181,982,519"
92,5/27/2016,X-Men: Apocalypse,"$178,000,000","$155,442,489","$542,742,489"
93,6/6/2014,Edge of Tomorrow,"$178,000,000","$100,206,256","$370,541,256"
94,4/15/2016,The Jungle Book,"$175,000,000","$364,001,123","$963,841,800"
95,6/19/2015,Inside Out,"$175,000,000","$356,461,711","$857,720,660"
96,7/7/2017,Spider-Man: Homecoming,"$175,000,000","$334,201,140","$880,210,429"
97,8/5/2016,Suicide Squad,"$175,000,000","$325,100,054","$746,100,054"
98,11/22/2017,Coco,"$175,000,000","$209,726,015","$800,126,850"
99,5/12/2017,King Arthur: Legend of the Sword,"$175,000,000","$39,175,066","$140,012,608"
100,12/25/2013,47 Ronin,"$175,000,000","$38,362,475","$151,716,815"
101,8/1/2014,Guardians of the Galaxy,"$170,000,000","$333,172,112","$771,051,335"
102,4/4/2014,Captain America: The Winter Soldier,"$170,000,000","$259,746,958","$714,401,889"
103,7/11/2014,Dawn of the Planet of the Apes,"$170,000,000","$208,545,589","$710,644,566"
104,5/22/2015,Tomorrowland,"$170,000,000","$93,436,322","$207,283,457"
105,5/27/2016,Alice Through the Looking Glass,"$170,000,000","$77,042,381","$277,442,381"
106,11/4/2016,Doctor Strange,"$165,000,000","$232,641,920","$677,541,920"
107,11/7/2014,Big Hero 6,"$165,000,000","$222,527,828","$652,127,828"
108,11/5/2014,Interstellar,"$165,000,000","$188,017,894","$667,752,422"
109,6/24/2016,Independence Day: Resurgence,"$165,000,000","$103,144,286","$387,644,286"
110,3/17/2017,Beauty and the Beast,"$160,000,000","$504,014,165","$1,262,967,006"
111,11/20/2015,The Hunger Games: Mockingjay - Part 2,"$160,000,000","$281,723,902","$650,523,427"
112,5/24/2013,Fast and Furious 6,"$160,000,000","$238,679,850","$789,300,444"
113,5/16/2014,Godzilla,"$160,000,000","$200,676,069","$529,076,069"
114,6/10/2016,Warcraft,"$160,000,000","$47,225,655","$433,125,655"
115,12/21/2018,Aquaman,"$160,000,000",$0,$0
116,9/30/2016,Deepwater Horizon,"$156,000,000","$61,433,527","$122,931,214"
117,7/1/2015,Terminator: Genisys,"$155,000,000","$89,760,956","$440,160,956"
118,3/23/2018,Pacific Rim: Uprising,"$155,000,000","$59,185,715","$289,260,123"
119,7/14/2017,War for the Planet of the Apes,"$152,000,000","$146,880,162","$490,280,162"
120,6/2/2017,Wonder Woman,"$150,000,000","$412,563,408","$817,012,815"
121,11/22/2013,Frozen,"$150,000,000","$400,738,009","$1,274,234,980"
122,3/4/2016,Zootopia,"$150,000,000","$341,268,248","$1,019,888,414"
123,11/23/2016,Moana,"$150,000,000","$248,757,044","$639,480,406"
124,11/8/2013,Thor: The Dark World,"$150,000,000","$206,362,140","$644,602,516"
125,7/31/2015,Mission: ImpossibleâRogue Nation,"$150,000,000","$195,042,377","$700,868,363"
126,7/21/2017,Dunkirk,"$150,000,000","$190,068,280","$500,516,189"
127,5/15/2015,Mad Max: Fury Road,"$150,000,000","$153,636,354","$370,742,166"
128,3/29/2018,Ready Player One,"$150,000,000","$136,200,793","$580,500,793"
129,6/28/2013,White House Down,"$150,000,000","$73,103,784","$205,440,387"
130,2/17/2017,The Great Wall,"$150,000,000","$45,157,105","$334,550,106"
131,10/9/2015,Pan,"$150,000,000","$35,088,320","$151,550,856"
132,6/13/2014,How to Train Your Dragon 2,"$145,000,000","$177,002,924","$614,586,270"
133,3/7/2014,Mr. Peabody & Sherman,"$145,000,000","$111,506,430","$269,806,430"
134,7/15/2016,Ghostbusters,"$144,000,000","$128,350,574","$229,034,050"
135,1/29/2016,Kung Fu Panda 3,"$140,000,000","$143,528,619","$518,614,383"
136,3/27/2013,G.I. Joe: Retaliation,"$140,000,000","$122,523,060","$375,740,705"
137,12/12/2014,Exodus: Gods and Kings,"$140,000,000","$65,014,513","$268,314,513"
138,7/1/2016,The BFG,"$140,000,000","$55,483,770","$199,905,224"
139,2/26/2016,Gods of Egypt,"$140,000,000","$31,153,464","$133,553,464"
140,3/22/2013,The Croods,"$135,000,000","$187,168,425","$573,068,425"
141,12/25/2015,The Revenant,"$135,000,000","$183,637,894","$532,950,503"
142,7/17/2013,Turbo,"$135,000,000","$83,028,130","$286,896,578"
143,6/3/2016,Teenage Mutant Ninja Turtles: Out of the Shadows,"$135,000,000","$82,051,601","$245,623,848"
144,11/26/2014,Penguins of Madagascar,"$132,000,000","$83,350,911","$367,650,911"
145,11/22/2013,The Hunger Games: Catching Fire,"$130,000,000","$424,668,047","$864,868,047"
146,7/17/2015,Ant-Man,"$130,000,000","$180,202,163","$519,338,048"
147,3/27/2015,Home,"$130,000,000","$177,397,510","$386,069,390"
148,4/11/2014,Rio 2,"$130,000,000","$131,538,435","$492,846,291"
149,3/28/2014,Noah,"$130,000,000","$101,200,044","$352,831,065"
150,5/31/2013,After Earth,"$130,000,000","$60,522,097","$251,499,665"
151,7/19/2013,R.I.P.D.,"$130,000,000","$33,618,855","$79,076,678"
152,3/3/2017,Logan,"$127,000,000","$226,277,068","$615,577,068"
153,12/19/2014,Night at the Museum: Secret of the Tomb,"$127,000,000","$113,746,621","$356,546,621"
154,11/21/2014,The Hunger Games: Mockingjay - Part 1,"$125,000,000","$337,135,885","$766,652,288"
155,8/8/2014,Teenage Mutant Ninja Turtles,"$125,000,000","$191,204,754","$485,004,754"
156,3/31/2017,The Boss Baby,"$125,000,000","$175,003,033","$512,017,946"
157,11/4/2016,Trolls,"$125,000,000","$153,707,064","$344,780,046"
158,12/21/2016,Assassinâs Creed,"$125,000,000","$54,647,948","$240,497,948"
159,1/13/2017,Monster Trucks,"$125,000,000","$33,370,166","$61,681,268"
160,7/29/2016,Jason Bourne,"$120,000,000","$162,192,920","$416,197,059"
161,4/13/2018,Rampage,"$120,000,000","$95,434,392","$415,058,821"
162,8/9/2013,Elysium,"$120,000,000","$93,050,117","$286,192,091"
163,4/19/2013,Oblivion,"$120,000,000","$89,107,235","$287,916,633"
164,3/24/2017,Power Rangers,"$120,000,000","$85,364,450","$142,364,450"
165,2/12/2014,RoboCop,"$120,000,000","$58,607,007","$242,981,799"
166,8/7/2015,Fantastic Four,"$120,000,000","$56,117,548","$167,977,596"
167,7/26/2013,The Wolverine,"$115,000,000","$132,556,852","$416,456,852"
168,4/22/2016,The Huntsman: Winterâs War,"$115,000,000","$48,003,015","$165,149,302"
169,12/15/2017,Ferdinand,"$111,000,000","$84,410,380","$290,772,436"
170,5/18/2018,Deadpool 2,"$110,000,000","$278,665,541","$655,258,541"
171,10/4/2013,Gravity,"$110,000,000","$274,092,705","$695,941,797"
172,5/29/2015,San Andreas,"$110,000,000","$155,190,832","$467,151,160"
173,3/20/2015,The Divergent Series: Insurgent,"$110,000,000","$130,179,072","$295,279,072"
174,3/7/2014,300: Rise of an Empire,"$110,000,000","$106,580,051","$330,780,051"
175,12/21/2016,Passengers,"$110,000,000","$100,014,699","$302,212,434"
176,9/30/2016,Miss Peregrineâs Home for Peculiar Children,"$110,000,000","$87,242,834","$296,642,834"
177,7/31/2013,The Smurfs 2,"$110,000,000","$71,017,784","$348,547,523"
178,3/18/2016,The Divergent Series: Allegiant,"$110,000,000","$66,184,051","$171,484,051"
179,11/1/2013,Ender's Game,"$110,000,000","$61,737,191","$127,983,283"
180,3/31/2017,Ghost in the Shell,"$110,000,000","$40,563,557","$167,918,847"
181,10/2/2015,The Martian,"$108,000,000","$228,433,663","$663,851,905"
182,7/22/2016,Ice Age: Collision Course,"$105,000,000","$64,063,008","$403,841,637"
183,9/22/2017,Kingsman: The Golden Circle,"$104,000,000","$100,234,838","$408,834,838"
184,5/23/2013,The Hangover 3,"$103,000,000","$112,200,072","$362,000,072"
185,3/9/2018,A Wrinkle in Time,"$103,000,000","$98,138,307","$122,361,013"
186,12/25/2013,The Wolf of Wall Street,"$100,000,000","$116,900,694","$389,870,414"
187,5/24/2013,Epic,"$100,000,000","$107,518,682","$262,794,441"
188,7/25/2014,Hercules,"$100,000,000","$72,688,614","$243,388,614"
189,8/15/2014,The Expendables 3,"$100,000,000","$39,322,544","$209,461,378"
190,10/20/2017,Geostorm,"$100,000,000","$33,700,160","$220,800,160"
191,12/25/2015,Point Break,"$100,000,000","$28,782,481","$128,170,295"
192,12/11/2015,In the Heart of the Sea,"$100,000,000","$25,020,758","$90,420,758"
193,4/18/2014,Transcendence,"$100,000,000","$23,022,309","$103,039,258"
194,11/6/2015,The Peanuts Movie,"$99,000,000","$130,178,411","$250,474,038"
195,5/19/2017,Alien: Covenant,"$97,000,000","$74,262,031","$238,862,031"
196,3/13/2015,Cinderella,"$95,000,000","$201,151,353","$534,551,353"
197,8/19/2016,Ben-Hur,"$95,000,000","$26,410,477","$91,853,336"
198,2/6/2015,Seventh Son,"$95,000,000","$17,725,785","$111,125,785"
199,2/13/2015,Kingsman: The Secret Service,"$94,000,000","$128,261,724","$404,561,724"
200,2/14/2013,A Good Day to Die Hard,"$92,000,000","$67,349,198","$304,249,198"
201,12/25/2013,The Secret Life of Walter Mitty,"$91,000,000","$58,236,838","$188,275,200"
202,12/20/2017,Jumanji: Welcome to the Jungle,"$90,000,000","$404,508,916","$962,091,730"
203,9/23/2016,The Magnificent Seven,"$90,000,000","$93,432,655","$162,526,238"
204,12/18/2015,Alvin and the Chipmunks: The Road Chip,"$90,000,000","$85,886,987","$249,520,430"
205,7/24/2015,Pixels,"$90,000,000","$78,765,986","$244,144,701"
206,8/7/2013,Percy Jackson: Sea of Monsters,"$90,000,000","$68,559,554","$200,859,554"
207,6/10/2016,Now You See Me 2,"$90,000,000","$65,075,540","$328,675,540"
208,3/16/2018,Tomb Raider,"$90,000,000","$57,421,715","$272,649,527"
209,4/21/2017,The Promise,"$90,000,000","$8,224,288","$10,524,093"
210,12/22/2017,Bright,"$90,000,000",$0,$0
211,3/21/2014,Divergent,"$85,000,000","$150,947,895","$276,014,965"
212,1/20/2017,xXx: Return of Xander Cage,"$85,000,000","$44,898,413","$345,114,933"
213,12/20/2017,The Greatest Showman,"$84,000,000","$174,026,442","$428,123,608"
214,7/19/2013,RED 2,"$84,000,000","$53,262,560","$137,162,560"
215,2/10/2017,The Lego Batman Movie,"$80,000,000","$175,750,384","$310,940,997"
216,9/25/2015,Hotel Transylvania 2,"$80,000,000","$169,700,110","$470,751,398"
217,7/12/2013,Grown Ups 2,"$80,000,000","$133,668,525","$247,023,808"
218,10/17/2014,Fury,"$80,000,000","$85,817,906","$210,315,681"
219,12/20/2013,Walking with Dinosaurs,"$80,000,000","$36,076,121","$130,580,730"
220,10/23/2015,The Last Witch Hunter,"$80,000,000","$27,367,660","$131,234,406"
221,2/21/2014,Pompeii,"$80,000,000","$23,169,033","$108,469,033"
222,9/27/2013,Cloudy with a Chance of Meatballs 2,"$78,000,000","$119,793,567","$274,392,649"
223,2/12/2016,The Little Prince,"$77,500,000","$1,311,213","$103,386,888"
224,7/3/2013,Despicable Me 2,"$76,000,000","$368,065,385","$975,216,835"
225,7/8/2016,The Secret Life of Pets,"$75,000,000","$368,384,330","$886,779,788"
226,12/21/2016,Sing,"$75,000,000","$270,329,045","$635,162,817"
227,6/30/2017,Despicable Me 3,"$75,000,000","$264,624,300","$1,034,542,646"
228,5/31/2013,Now You See Me,"$75,000,000","$117,723,989","$342,769,200"
229,8/14/2015,The Man From U.N.C.L.E.,"$75,000,000","$45,445,109","$105,445,109"
230,10/28/2016,Inferno,"$75,000,000","$34,343,574","$219,561,188"
231,7/10/2015,Minions,"$74,000,000","$336,045,770","$1,167,245,366"
232,2/6/2015,The SpongeBob Movie: Sponge Out of Water,"$74,000,000","$162,994,032","$311,594,032"
233,5/20/2016,The Angry Birds Movie,"$73,000,000","$107,509,366","$352,829,528"
234,11/10/2017,Daddyâs Home 2,"$70,000,000","$104,029,443","$176,154,137"
235,3/22/2013,Olympus Has Fallen,"$70,000,000","$98,927,592","$150,562,164"
236,2/7/2014,The Monuments Men,"$70,000,000","$78,031,620","$158,702,748"
237,9/23/2016,Storks,"$70,000,000","$72,679,278","$174,102,281"
238,9/22/2017,The Lego Ninjago Movie,"$70,000,000","$59,281,555","$122,780,244"
239,10/10/2014,Dracula Untold,"$70,000,000","$55,991,880","$220,241,723"
240,6/8/2018,Oceanâs 8,"$70,000,000","$41,500,000","$53,700,000"
241,1/29/2016,The Finest Hours,"$70,000,000","$27,569,558","$49,252,761"
242,10/18/2013,Escape Plan,"$70,000,000","$25,135,965","$103,735,965"
243,1/10/2014,The Legend of Hercules,"$70,000,000","$18,848,538","$58,953,319"
244,5/9/2014,Legends of Oz: Dorothyâs Return,"$70,000,000","$8,462,347","$20,107,933"
245,1/16/2015,Blackhat,"$70,000,000","$8,005,980","$19,665,004"
246,3/2/2018,Red Sparrow,"$69,000,000","$46,874,505","$145,966,386"
247,6/26/2015,Ted 2,"$68,000,000","$81,476,385","$217,214,143"
248,12/22/2017,Downsizing,"$68,000,000","$24,449,754","$39,897,498"
249,3/14/2014,Need for Speed,"$66,000,000","$43,568,507","$194,169,619"
250,12/25/2014,Unbroken,"$65,000,000","$115,637,895","$163,527,824"
251,6/5/2015,Spy!,"$65,000,000","$110,825,712","$233,125,712"
252,12/19/2014,Annie,"$65,000,000","$85,911,262","$139,840,525"
253,8/12/2016,Peteâs Dragon,"$65,000,000","$76,233,151","$137,768,975"
254,2/27/2015,Focus,"$65,000,000","$53,862,963","$159,062,963"
255,9/18/2015,Everest,"$65,000,000","$43,482,270","$221,835,496"
256,1/24/2014,"I, Frankenstein","$65,000,000","$19,075,290","$74,575,290"
257,8/22/2014,Sin City: A Dame to Kill For,"$65,000,000","$13,757,804","$39,499,349"
258,12/25/2016,Live by Night,"$65,000,000","$10,378,555","$21,778,555"
259,9/4/2015,Tian jiang xiong shi,"$65,000,000","$74,070","$122,519,874"
260,12/25/2015,The Hateful Eight,"$62,000,000","$54,117,416","$145,443,360"
261,10/3/2014,Gone Girl,"$61,000,000","$167,767,189","$368,567,189"
262,9/18/2015,Maze Runner: The Scorch Trials,"$61,000,000","$81,697,192","$310,697,192"
263,8/2/2013,2 Guns,"$61,000,000","$75,612,460","$132,493,015"
264,1/26/2018,Maze Runner: The Death Cure,"$61,000,000","$58,032,443","$283,811,921"
265,2/19/2016,Mei Ren Yu,"$60,720,000","$3,229,457","$552,198,479"
266,2/7/2014,The Lego Movie,"$60,000,000","$257,784,718","$457,729,388"
267,9/9/2016,Sully,"$60,000,000","$125,070,033","$238,552,082"
268,3/4/2016,London Has Fallen,"$60,000,000","$62,524,260","$193,857,962"
269,10/21/2016,Jack Reacher: Never Go Back,"$60,000,000","$58,697,076","$160,038,407"
270,5/25/2017,Baywatch,"$60,000,000","$58,060,186","$176,533,570"
271,12/25/2015,Joy,"$60,000,000","$56,451,232","$101,134,059"
272,9/26/2014,The Boxtrolls,"$60,000,000","$50,837,305","$111,946,251"
273,8/4/2017,The Dark Tower,"$60,000,000","$50,701,325","$113,019,314"
274,1/17/2014,Jack Ryan: Shadow Recruit,"$60,000,000","$50,577,412","$131,377,412"
275,1/11/2013,Gangster Squad,"$60,000,000","$46,000,903","$104,100,903"
276,4/7/2017,Smurfs: The Lost Village,"$60,000,000","$45,020,282","$197,275,045"
277,8/21/2013,The Mortal Instruments: City of Bones,"$60,000,000","$31,165,421","$75,965,567"
278,2/14/2014,Winter's Tale,"$60,000,000","$12,600,231","$22,468,620"
279,2/24/2017,Rock Dog,"$60,000,000","$9,420,546","$21,298,773"
280,1/23/2015,Mortdecai,"$60,000,000","$7,696,134","$30,396,134"
281,2/5/2016,Xi You Ji zhi Sun Wu Kong San Da Bai Gu Jing,"$60,000,000","$709,982","$194,058,503"
282,12/11/2015,The Ridiculous 6,"$60,000,000",$0,$0
283,3/23/2018,Sherlock Gnomes,"$59,000,000","$42,996,427","$76,587,146"
284,2/12/2016,Deadpool,"$58,000,000","$363,070,709","$801,029,249"
285,12/25/2014,American Sniper,"$58,000,000","$350,126,372","$547,326,372"
286,10/16/2015,Goosebumps,"$58,000,000","$80,069,458","$158,905,324"
287,6/7/2013,The Internship,"$58,000,000","$44,672,764","$93,672,764"
288,3/24/2017,Life,"$58,000,000","$30,234,022","$101,003,310"
289,12/25/2014,Into the Woods,"$56,200,000","$128,002,372","$203,502,372"
290,1/22/2016,Zhuo yao ji,"$56,000,000","$32,766","$386,152,042"
291,2/10/2017,Fifty Shades Darker,"$55,000,000","$114,434,010","$381,081,967"
292,10/11/2013,Captain Phillips,"$55,000,000","$107,136,417","$220,648,184"
293,11/10/2017,Murder on the Orient Express,"$55,000,000","$102,826,543","$349,213,586"
294,9/26/2014,The Equalizer,"$55,000,000","$101,530,738","$192,903,624"
295,2/9/2018,Fifty Shades Freed,"$55,000,000","$100,407,760","$370,527,704"
296,1/16/2015,Paddington,"$55,000,000","$76,223,578","$259,541,430"
297,11/1/2013,Free Birds,"$55,000,000","$55,750,480","$110,387,072"
298,3/21/2014,Muppets Most Wanted,"$55,000,000","$51,178,893","$79,312,301"
299,8/19/2016,Kubo and the Two Strings,"$55,000,000","$48,023,088","$77,548,564"
300,2/23/2018,Annihilation,"$55,000,000","$32,732,301","$42,872,301"
301,10/16/2015,Crimson Peak,"$55,000,000","$31,090,320","$75,466,595"
302,2/1/2013,Bullet to the Head,"$55,000,000","$9,489,829","$22,597,969"
303,9/18/2015,Black Mass,"$53,000,000","$62,575,678","$98,837,872"
304,6/13/2014,22 Jump Street,"$50,000,000","$191,719,337","$331,333,876"
305,12/25/2015,Daddyâs Home,"$50,000,000","$150,357,137","$242,757,137"
306,6/17/2016,Central Intelligence,"$50,000,000","$127,440,871","$217,196,811"
307,12/18/2013,Anchorman 2: The Legend Continues,"$50,000,000","$127,352,707","$172,185,754"
308,2/9/2018,Peter Rabbit,"$50,000,000","$115,187,069","$347,087,069"
309,2/28/2014,Non-Stop,"$50,000,000","$91,742,160","$222,383,055"
310,8/9/2013,Disney Planes,"$50,000,000","$90,282,580","$238,059,569"
311,7/28/2017,The Emoji Movie,"$50,000,000","$86,089,513","$216,807,812"
312,12/22/2017,The Post,"$50,000,000","$81,903,458","$177,658,857"
313,7/18/2014,Planes: Fire and Rescue,"$50,000,000","$59,157,732","$156,399,644"
314,1/25/2013,Hansel & Gretel: Witch Hunters,"$50,000,000","$55,703,475","$214,949,716"
315,1/15/2016,13 Hours: The Secret Soldiers of Benghazi,"$50,000,000","$52,853,219","$69,411,370"
316,9/29/2017,American Made,"$50,000,000","$51,342,000","$135,581,390"
317,10/17/2014,The Book of Life,"$50,000,000","$50,151,543","$97,651,543"
318,8/8/2014,Into the Storm,"$50,000,000","$47,602,194","$150,429,371"
319,10/10/2014,The Judge,"$50,000,000","$47,119,388","$76,119,388"
320,8/19/2016,War Dogs,"$50,000,000","$43,034,523","$83,034,523"
321,5/20/2016,The Nice Guys,"$50,000,000","$36,261,763","$57,261,763"
322,2/12/2016,Zoolander 2,"$50,000,000","$28,848,693","$55,348,693"
323,3/29/2013,The Host,"$50,000,000","$26,623,701","$64,477,051"
324,3/13/2015,Run All Night,"$50,000,000","$26,461,644","$66,961,644"
325,9/16/2016,Snowden,"$50,000,000","$21,587,519","$34,301,950"
326,6/24/2016,Free State of Jones,"$50,000,000","$20,810,036","$23,151,917"
327,2/14/2013,Beautiful Creatures,"$50,000,000","$19,452,138","$60,282,876"
328,2/16/2018,Early Man,"$50,000,000","$8,267,544","$36,204,139"
329,4/17/2015,Child 44,"$50,000,000","$1,224,330","$3,434,330"
330,3/15/2013,Upside Down,"$50,000,000","$102,118","$26,387,039"
331,10/2/2015,Shanghai,"$50,000,000","$46,425","$15,505,922"
332,3/6/2015,Chappie,"$49,000,000","$31,569,268","$105,002,056"
333,1/9/2015,Taken 3,"$48,000,000","$89,256,424","$327,656,424"
334,7/13/2016,The Infiltrator,"$47,500,000","$15,436,808","$18,693,373"
335,11/11/2016,Arrival,"$47,000,000","$100,546,139","$203,178,872"
336,12/23/2016,Silence,"$46,500,000","$7,100,177","$16,377,381"
337,9/20/2013,Prisoners,"$46,000,000","$61,002,302","$113,402,302"
338,12/22/2017,Pitch Perfect 3,"$45,000,000","$104,897,530","$185,736,988"
339,10/7/2016,The Girl on the Train,"$45,000,000","$75,395,035","$170,327,930"
340,12/9/2016,Office Christmas Party,"$45,000,000","$54,767,494","$91,342,494"
341,5/23/2014,Blended,"$45,000,000","$46,290,741","$127,990,741"
342,6/16/2017,All Eyez on Me,"$45,000,000","$44,922,302","$54,876,855"
343,2/6/2014,The Interview,"$44,000,000","$6,105,175","$12,342,632"
344,6/28/2013,The Heat,"$43,000,000","$159,581,587","$229,727,774"
345,1/6/2017,A Monster Calls,"$43,000,000","$3,740,823","$46,422,066"
346,5/12/2017,Snatched,"$42,000,000","$45,852,178","$57,852,177"
347,12/31/2015,Pourquoi j'ai pas mangÃ© mon pÃ¨re,"$42,000,000",$0,"$182,156"
348,2/13/2015,Fifty Shades of Grey,"$40,000,000","$166,167,230","$570,998,101"
349,12/13/2013,American Hustle,"$40,000,000","$150,117,807","$257,878,294"
350,7/25/2014,Lucy,"$40,000,000","$126,573,960","$457,507,776"
351,12/25/2013,Lone Survivor,"$40,000,000","$125,095,601","$149,804,632"
352,6/10/2016,The Conjuring 2: The Enfield Poltergeist,"$40,000,000","$102,470,008","$311,270,008"
353,4/12/2013,42,"$40,000,000","$95,020,213","$97,470,701"
354,2/10/2017,John Wick: Chapter Two,"$40,000,000","$92,029,184","$171,529,184"
355,1/15/2016,Ride Along 2,"$40,000,000","$90,862,685","$124,827,316"
356,3/27/2015,Get Hard,"$40,000,000","$90,411,453","$106,511,453"
357,10/14/2016,The Accountant,"$40,000,000","$86,260,045","$153,060,045"
358,11/14/2014,Dumb and Dumber To,"$40,000,000","$86,208,010","$156,553,592"
359,4/25/2014,The Other Woman,"$40,000,000","$83,911,193","$195,111,193"
360,9/25/2015,The Intern,"$40,000,000","$75,764,672","$197,232,734"
361,10/16/2015,Bridge of Spies,"$40,000,000","$72,313,754","$162,610,473"
362,11/4/2016,Hacksaw Ridge,"$40,000,000","$67,209,615","$160,234,705"
363,2/15/2013,Escape From Planet Earth,"$40,000,000","$57,012,977","$74,156,610"
364,11/26/2014,Horrible Bosses 2,"$40,000,000","$54,445,357","$105,945,357"
365,6/20/2014,Jersey Boys,"$40,000,000","$47,047,013","$65,282,732"
366,5/30/2014,A Million Ways to Die in The West,"$40,000,000","$42,720,965","$86,778,557"
367,7/18/2014,Sex Tape,"$40,000,000","$38,543,473","$126,069,509"
368,12/21/2016,Patriots Day,"$40,000,000","$31,886,361","$52,461,361"
369,12/25/2013,Grudge Match,"$40,000,000","$29,807,260","$69,807,260"
370,8/11/2017,The Nut Job 2: Nutty by Nature,"$40,000,000","$28,370,522","$57,943,808"
371,1/27/2017,Resident Evil: The Final Chapter,"$40,000,000","$26,844,692","$307,353,906"
372,6/30/2017,The House,"$40,000,000","$25,584,504","$31,192,743"
373,3/20/2015,The Gunman,"$40,000,000","$10,664,749","$13,853,999"
374,8/16/2013,Paranoia,"$40,000,000","$7,388,654","$16,340,767"
375,7/10/2015,Baahubali: The Beginning,"$40,000,000","$6,738,000","$26,736,665"
376,3/9/2018,The Hurricane Heist,"$40,000,000","$6,115,824","$12,724,991"
377,11/25/2015,Victor Frankenstein,"$40,000,000","$5,775,076","$33,175,076"
378,6/27/2014,Snowpiercer,"$40,000,000","$4,563,029","$88,069,880"
379,11/11/2016,Billy Lynnâs Long Halftime Walk,"$40,000,000","$1,738,477","$25,863,458"
380,4/16/2013,Un monstre Ã  Paris ,"$40,000,000",$0,"$27,000,381"
381,11/11/2016,USS Indianapolis: Men of Courage,"$40,000,000",$0,"$1,641,255"
382,12/31/2014,Dragon Nest Warriors' Dawn,"$40,000,000",$0,"$196,090"
383,8/23/2013,Yi dai zong shi,"$38,600,000","$6,594,959","$57,987,299"
384,6/2/2017,Captain Underpants: The First Epic Movie,"$38,000,000","$73,921,000","$123,261,024"
385,4/17/2015,Paul Blart: Mall Cop 2,"$38,000,000","$71,091,594","$107,650,646"
386,12/23/2016,Why Him?,"$38,000,000","$60,323,786","$117,523,786"
387,9/6/2013,Riddick,"$38,000,000","$42,025,135","$94,763,758"
388,1/22/2016,The 5th Wave,"$38,000,000","$34,912,982","$111,336,398"
389,9/20/2013,Rush,"$38,000,000","$26,947,624","$98,230,839"
390,10/20/2017,Only the Brave,"$38,000,000","$18,340,051","$21,752,792"
391,8/7/2013,We're the Millers,"$37,000,000","$150,394,119","$267,816,276"
392,11/25/2015,Creed,"$37,000,000","$109,767,581","$173,567,581"
393,2/23/2018,Game Night,"$37,000,000","$68,951,586","$117,151,586"
394,2/12/2016,How to be Single,"$37,000,000","$46,843,513","$99,595,932"
395,5/29/2015,Aloha,"$37,000,000","$21,052,030","$24,935,799"
396,9/12/2014,Dolphin Tale 2,"$36,000,000","$42,024,533","$57,824,533"
397,12/16/2016,Collateral Beauty,"$36,000,000","$31,016,021","$85,315,070"
398,1/22/2016,Yip Man 3,"$36,000,000","$2,679,437","$156,835,197"
399,4/14/2017,Queen of the Desert,"$36,000,000",$0,"$1,552,072"
400,9/8/2017,It,"$35,000,000","$327,481,748","$697,459,228"
401,2/8/2013,Identity Thief,"$35,000,000","$134,506,920","$175,361,578"
402,7/17/2015,Trainwreck,"$35,000,000","$110,212,700","$141,123,897"
403,12/13/2013,Saving Mr. Banks,"$35,000,000","$83,299,761","$114,962,525"
404,5/20/2016,Neighbors 2: Sorority Rising,"$35,000,000","$55,340,730","$108,758,521"
405,5/22/2015,Poltergeist,"$35,000,000","$47,425,125","$95,825,125"
406,1/19/2018,12 Strong,"$35,000,000","$45,500,164","$69,687,337"
407,5/8/2015,Hot Pursuit,"$35,000,000","$34,580,201","$45,680,201"
408,12/25/2015,Concussion,"$35,000,000","$34,531,832","$50,363,790"
409,10/13/2017,The Foreigner,"$35,000,000","$34,393,507","$140,783,646"
410,9/16/2016,Bridget Jonesâs Baby,"$35,000,000","$24,139,805","$203,555,567"
411,3/4/2016,Whiskey Tango Foxtrot,"$35,000,000","$23,083,334","$24,915,969"
412,8/21/2015,Hitman: Agent 47,"$35,000,000","$22,467,450","$81,967,450"
413,6/1/2018,Adrift,"$35,000,000","$21,740,025","$22,539,025"
414,1/18/2013,Broken City,"$35,000,000","$19,701,164","$34,480,045"
415,1/25/2013,Parker,"$35,000,000","$17,616,641","$48,543,388"
416,3/28/2014,Sabotage,"$35,000,000","$10,508,518","$18,376,443"
417,3/6/2015,Unfinished Business,"$35,000,000","$10,219,501","$12,819,501"
418,9/30/2015,The Walk,"$35,000,000","$10,161,183","$61,197,045"
419,11/29/2013,Mandela: Long Walk to Freedom,"$35,000,000","$8,323,085","$29,890,402"
420,3/11/2016,The Brothers Grimsby,"$35,000,000","$6,864,016","$28,721,408"
421,10/20/2017,The Snowman,"$35,000,000","$6,670,765","$43,232,849"
422,4/22/2016,A Hologram for the King,"$35,000,000","$4,212,494","$11,848,058"
423,3/13/2015,The Lovers,"$35,000,000",$0,"$11,106"
424,6/28/2017,Baby Driver,"$34,000,000","$107,825,862","$228,104,185"
425,9/19/2014,The Maze Runner,"$34,000,000","$102,427,862","$348,319,861"
426,4/10/2015,The Longest Ride,"$34,000,000","$37,446,117","$63,802,928"
427,9/5/2014,Thunder and the House of Magic,"$34,000,000","$4,091","$11,092,749"
428,7/8/2016,Mike and Dave Need Wedding Dates,"$33,000,000","$46,009,673","$75,909,673"
429,7/31/2015,The Young and Prodigious T.S. Spivet,"$33,000,000","$176,847","$357,687"
430,10/30/2015,Freaks of Nature,"$33,000,000","$70,958","$70,958"
431,4/26/2013,The Big Wedding,"$32,500,000","$21,819,348","$48,425,971"
432,6/12/2013,This is the End,"$32,000,000","$101,470,202","$126,539,117"
433,4/20/2018,I Feel Pretty,"$32,000,000","$48,619,500","$79,405,500"
434,3/15/2013,The Incredible Burt Wonderstone,"$32,000,000","$22,537,881","$27,392,609"
435,4/15/2016,Criminal,"$31,500,000","$14,708,696","$38,771,262"
436,3/7/2014,The Grand Budapest Hotel,"$31,000,000","$59,076,019","$164,350,409"
437,7/29/2015,Vacation,"$31,000,000","$58,884,188","$101,287,415"
438,8/16/2013,Lee Daniels' The Butler,"$30,000,000","$116,632,095","$177,025,498"
439,12/18/2015,Sisters,"$30,000,000","$87,044,645","$106,030,660"
440,8/18/2017,The Hitmanâs Bodyguard,"$30,000,000","$75,468,583","$172,779,292"
441,2/1/2013,Warm Bodies,"$30,000,000","$66,380,662","$115,121,608"
442,1/17/2014,The Nut Job,"$30,000,000","$64,251,538","$122,529,966"
443,7/24/2015,Southpaw,"$30,000,000","$52,421,953","$94,207,861"
444,7/28/2017,Atomic Blonde,"$30,000,000","$51,573,925","$98,368,372"
445,5/11/2018,Life of the Party,"$30,000,000","$50,266,577","$58,966,577"
446,9/18/2015,Sicario,"$30,000,000","$46,889,293","$84,448,946"
447,1/19/2018,Den of Thieves,"$30,000,000","$44,947,622","$79,424,321"
448,10/24/2014,John Wick,"$30,000,000","$43,037,835","$76,235,001"
449,4/24/2015,The Age of Adaline,"$30,000,000","$42,629,776","$69,057,415"
450,9/13/2013,The Family,"$30,000,000","$36,918,811","$51,078,541"
451,2/9/2018,The 15:17 to Paris,"$30,000,000","$36,250,957","$56,096,971"
452,10/18/2013,Carrie,"$30,000,000","$35,266,619","$82,409,520"
453,3/2/2018,Death Wish,"$30,000,000","$34,017,028","$48,578,424"
454,6/3/2015,Entourage,"$30,000,000","$32,363,404","$46,352,925"
455,2/8/2013,Side Effects,"$30,000,000","$32,172,757","$66,742,138"
456,7/2/2014,Deliver Us from Evil,"$30,000,000","$30,577,122","$87,956,618"
457,8/1/2014,Get on Up,"$30,000,000","$30,569,935","$33,339,868"
458,8/25/2017,Ballerina,"$30,000,000","$21,858,070","$96,921,549"
459,10/4/2013,Runner Runner,"$30,000,000","$19,316,646","$60,512,680"
460,4/28/2017,Baahubali 2: The Conclusion,"$30,000,000","$18,985,794","$263,502,914"
461,10/9/2015,Steve Jobs,"$30,000,000","$17,766,658","$35,579,007"
462,1/18/2013,The Last Stand,"$30,000,000","$12,050,299","$48,330,757"
463,3/8/2013,Dead Man Down,"$30,000,000","$10,895,295","$19,599,974"
464,2/2/2018,Bilal: A New Breed of Hero,"$30,000,000","$490,515","$636,684"
465,1/30/2015,Wild Card,"$30,000,000","$3,200","$929,157"
466,6/5/2015,United Passions,"$30,000,000",$918,"$168,832"
467,12/1/2015,Grace of Monaco,"$30,000,000",$0,"$25,199,891"
468,3/8/2016,Savva. Serdtse voyna,"$30,000,000",$0,"$1,841,369"
469,12/31/2013,Space Pirate Captain Harlock,"$30,000,000",$0,"$143,490"
470,2/24/2017,Collide,"$29,200,000","$2,280,004","$5,278,519"
471,5/15/2015,Pitch Perfect 2,"$29,000,000","$184,296,230","$287,641,616"
472,4/8/2016,The Boss,"$29,000,000","$63,077,560","$78,652,395"
473,8/18/2017,Logan Lucky,"$29,000,000","$27,778,642","$39,632,019"
474,8/12/2016,Florence Foster Jenkins,"$29,000,000","$27,383,770","$56,017,691"
475,8/14/2015,Straight Outta Compton,"$28,000,000","$161,197,785","$202,182,981"
476,7/21/2017,Girls Trip,"$28,000,000","$115,108,515","$140,886,353"
477,11/1/2017,A Bad Moms Christmas,"$28,000,000","$72,110,659","$127,710,659"
478,2/14/2013,Safe Haven,"$28,000,000","$71,399,120","$94,050,951"
479,12/11/2015,The Big Short,"$28,000,000","$70,259,870","$133,162,752"
480,10/10/2014,"Alexander and the Terrible, Horrible, No Good, Very Bad Day","$28,000,000","$66,954,149","$101,379,287"
481,1/28/2013,Last Vegas,"$28,000,000","$63,914,167","$112,914,167"
482,2/21/2014,3 Days to Kill,"$28,000,000","$30,697,999","$38,959,900"
483,8/16/2013,Kick-Ass 2,"$28,000,000","$28,795,985","$63,129,909"
484,9/19/2014,A Walk Among the Tombstones,"$28,000,000","$26,017,685","$62,108,587"
485,4/25/2014,Brick Mansions,"$28,000,000","$20,396,829","$73,421,224"
486,8/21/2015,American Ultra,"$28,000,000","$14,439,985","$30,295,076"
487,2/5/2016,Pride and Prejudice and Zombies,"$28,000,000","$10,907,291","$16,311,335"
488,10/30/2015,Our Brand is Crisis,"$28,000,000","$7,002,261","$8,592,432"
489,5/13/2016,Money Monster,"$27,000,000","$41,012,075","$93,469,699"
490,11/23/2016,Rules Donât Apply,"$26,700,000","$3,652,206","$3,871,448"
491,4/26/2013,Pain & Gain,"$26,000,000","$49,875,291","$81,275,291"
492,10/17/2014,The Best of Me,"$26,000,000","$26,766,213","$41,059,418"
493,7/10/2015,Self/Less,"$26,000,000","$12,279,691","$33,713,827"
494,10/18/2013,The Fifth Estate,"$26,000,000","$3,254,172","$6,154,172"
495,3/21/2014,Blood Ties,"$26,000,000","$42,472","$2,923,959"
496,6/30/2015,Viy,"$26,000,000",$0,"$34,246,770"
497,3/17/2015,Accidental Love,"$26,000,000",$0,"$135,436"
498,4/24/2015,The Face of an Angel,"$26,000,000",$0,$0
499,12/25/2016,Hidden Figures,"$25,000,000","$169,607,287","$231,800,856"
500,1/17/2014,Ride Along,"$25,000,000","$134,202,565","$153,733,800"
501,1/27/2017,A Dogâs Purpose,"$25,000,000","$64,321,890","$204,763,031"
502,12/13/2013,Tyler Perry's A Madea Christmas,"$25,000,000","$52,543,354","$52,543,354"
503,8/15/2014,The Giver,"$25,000,000","$45,090,374","$55,090,374"
504,11/20/2015,The Night Before,"$25,000,000","$43,035,725","$52,427,346"
505,12/25/2013,August: Osage County,"$25,000,000","$37,738,810","$50,738,810"
506,5/16/2014,Million Dollar Arm,"$25,000,000","$36,447,959","$39,217,912"
507,12/10/2014,The Gambler,"$25,000,000","$33,680,992","$38,718,031"
508,4/29/2016,Motherâs Day,"$25,000,000","$32,492,859","$52,380,013"
509,2/17/2017,Fist Fight,"$25,000,000","$32,187,017","$40,287,017"
510,4/11/2014,Draft Day,"$25,000,000","$28,842,237","$29,847,480"
511,2/3/2017,Rings,"$25,000,000","$27,793,018","$82,991,460"
512,8/5/2015,Shaun the Sheep,"$25,000,000","$19,375,982","$101,937,062"
513,3/24/2017,CHiPS,"$25,000,000","$18,600,152","$23,190,697"
514,12/22/2017,Father Figures,"$25,000,000","$17,501,244","$20,597,799"
515,10/25/2013,The Counselor,"$25,000,000","$16,973,715","$71,009,334"
516,9/22/2017,Battle of the Sexes,"$25,000,000","$12,638,526","$17,860,286"
517,11/13/2015,The 33,"$25,000,000","$12,227,722","$28,400,715"
518,9/1/2017,Tulip Fever,"$25,000,000","$2,455,635","$4,080,955"
519,11/20/2015,Legend,"$25,000,000","$1,872,994","$42,642,077"
520,1/29/2016,Jane Got a Gun,"$25,000,000","$1,513,793","$3,771,345"
521,3/22/2013,On the Road,"$25,000,000","$720,828","$9,313,302"
522,4/24/2015,Yi ge ren de wu lin,"$25,000,000","$129,115","$129,115"
523,12/31/2017,Matilda,"$25,000,000",$0,"$9,434,926"
524,3/10/2015,Red Sky,"$25,000,000",$0,"$91,116"
525,1/10/2014,The Adventurer: The Curse of the Midas Box,"$25,000,000",$0,$0
526,12/31/2016,Reagan,"$25,000,000",$0,$0
527,6/20/2014,Think Like a Man Too,"$24,000,000","$65,028,687","$70,027,933"
528,4/7/2017,Going in Style,"$24,000,000","$45,018,541","$78,714,211"
529,1/16/2015,The Wedding Ringer,"$23,000,000","$64,460,211","$80,171,596"
530,1/10/2014,Her,"$23,000,000","$25,568,251","$48,422,461"
531,2/26/2016,Eddie the Eagle,"$23,000,000","$15,789,389","$45,121,177"
532,6/28/2013,Redemption,"$23,000,000","$36,686","$13,593,473"
533,5/5/2017,ChÄi dÃ n zhuÄnjiÄ,"$23,000,000",$0,"$58,807,172"
534,11/18/2016,Nocturnal Animals,"$22,500,000","$10,663,357","$31,159,084"
535,4/24/2015,The Water Diviner,"$22,500,000","$4,200,117","$30,864,649"
536,2/28/2014,Son of God,"$22,000,000","$59,700,064","$70,949,793"
537,8/8/2014,The Hundred-Foot Journey,"$22,000,000","$54,235,441","$94,270,488"
538,11/22/2013,Delivery Man,"$22,000,000","$30,659,817","$70,536,870"
539,2/5/2016,"Hail, Caesar!","$22,000,000","$30,080,225","$64,171,419"
540,5/19/2017,Diary of a Wimpy Kid: The Long Haul,"$22,000,000","$20,738,724","$35,355,942"
541,11/27/2013,Homefront,"$22,000,000","$20,158,492","$51,695,362"
542,9/4/2015,The Transporter Refueled,"$22,000,000","$16,029,670","$69,698,495"
543,11/17/2017,"Roman J. Israel, Esq.","$22,000,000","$11,962,712","$12,791,488"
544,12/4/2013,Out of the Furnace,"$22,000,000","$11,330,849","$15,434,375"
545,12/8/2017,Just Getting Started,"$22,000,000","$6,069,605","$6,756,452"
546,10/31/2014,Before I Go to Sleep,"$22,000,000","$3,242,457","$19,563,579"
547,12/31/2013,Metegol,"$22,000,000",$0,"$30,051,905"
548,4/6/2018,Blockers,"$21,000,000","$59,775,230","$92,275,230"
549,2/24/2017,Bitter Harvest,"$21,000,000","$557,241","$606,162"
550,12/9/2016,La La Land,"$20,000,000","$151,101,803","$427,535,542"
551,7/19/2013,The Conjuring,"$20,000,000","$137,400,141","$318,000,141"
552,11/17/2017,Wonder,"$20,000,000","$132,422,809","$299,763,330"
553,7/29/2016,Bad Moms,"$20,000,000","$113,257,297","$181,457,297"
554,7/2/2014,Tammy,"$20,000,000","$84,525,432","$96,407,655"
555,10/21/2016,Tyler Perryâs Boo! A Madea Halloween,"$20,000,000","$73,206,343","$73,206,343"
556,10/18/2013,12 Years a Slave,"$20,000,000","$56,671,993","$181,025,343"
557,6/3/2016,Me Before You,"$20,000,000","$56,245,075","$205,445,075"
558,4/15/2016,Barbershop: The Next Cut,"$20,000,000","$54,030,051","$54,404,202"
559,1/9/2015,Selma,"$20,000,000","$52,076,908","$66,776,908"
560,10/20/2017,Tyler Perryâs Boo 2! A Madea Halloween,"$20,000,000","$47,319,572","$47,879,572"
561,11/6/2015,Spotlight,"$20,000,000","$45,055,776","$92,207,359"
562,3/30/2018,Acrimony,"$20,000,000","$43,549,096","$46,432,668"
563,6/26/2015,Max,"$20,000,000","$42,656,255","$43,658,157"
564,11/17/2017,The Star,"$20,000,000","$40,847,995","$62,011,755"
565,7/27/2016,Nerve,"$20,000,000","$38,583,626","$61,680,792"
566,2/19/2016,Risen,"$20,000,000","$36,880,033","$46,255,763"
567,1/4/2013,Texas Chainsaw 3D,"$20,000,000","$34,341,945","$47,666,013"
568,9/19/2014,This is Where I Leave You,"$20,000,000","$34,296,320","$41,296,320"
569,4/12/2013,Scary Movie V,"$20,000,000","$32,015,787","$78,613,981"
570,8/23/2013,The World's End,"$20,000,000","$26,004,851","$47,508,505"
571,2/14/2014,Endless Love,"$20,000,000","$23,438,250","$34,718,173"
572,6/16/2017,Rough Night,"$20,000,000","$22,105,643","$46,844,357"
573,11/20/2015,Secret in Their Eyes,"$20,000,000","$20,180,155","$30,808,558"
574,3/31/2017,The Zookeeperâs Wife,"$20,000,000","$17,445,186","$24,521,550"
575,9/29/2017,Flatliners,"$20,000,000","$16,883,115","$45,075,341"
576,10/30/2015,Burnt,"$20,000,000","$13,651,946","$32,632,668"
577,2/26/2016,Triple 9,"$20,000,000","$12,639,297","$25,943,792"
578,9/2/2016,The Light Between Oceans,"$20,000,000","$12,545,979","$19,773,031"
579,6/3/2016,Popstar: Never Stop Never Stopping,"$20,000,000","$9,496,130","$9,537,120"
580,10/27/2017,Thank You for Your Service,"$20,000,000","$9,479,390","$9,718,331"
581,9/20/2013,Battle of the Year,"$20,000,000","$8,888,355","$16,723,377"
582,4/29/2016,Ratchet and Clank,"$20,000,000","$8,813,410","$11,813,410"
583,12/12/2014,Inherent Vice,"$20,000,000","$8,110,975","$14,772,346"
584,10/11/2013,Machete Kills,"$20,000,000","$8,008,161","$18,273,009"
585,4/24/2015,Little Boy,"$20,000,000","$6,485,961","$17,684,355"
586,12/31/2014,A Most Violent Year,"$20,000,000","$5,749,134","$6,071,433"
587,8/26/2016,Hands of Stone,"$20,000,000","$4,712,792","$5,032,013"
588,11/3/2017,LBJ,"$20,000,000","$2,468,683","$2,496,118"
589,11/13/2015,My All-American,"$20,000,000","$2,246,000","$2,246,000"
590,4/28/2017,JÃ¬yÃ¬ dÃ shÄ«,"$20,000,000","$587,470","$43,326,383"
591,11/13/2015,By the Sea,"$20,000,000","$538,460","$3,727,746"
592,10/30/2015,Regression,"$20,000,000","$55,039","$14,883,495"
593,5/29/2015,Survivor,"$20,000,000",$0,"$774,905"
594,11/18/2016,The History of Love,"$20,000,000",$0,"$93,690"
595,8/29/2014,Dwegons and Leprechauns,"$20,000,000",$0,$0
596,7/22/2016,Fight Valley,"$20,000,000",$0,$0
597,12/31/2017,The Thousand Miles,"$20,000,000",$0,$0
598,12/1/2017,The Shape of Water,"$19,500,000","$63,859,435","$190,395,600"
599,8/23/2013,The Frozen Ground,"$19,200,000",$0,"$5,617,460"
600,8/12/2016,Sausage Party,"$19,000,000","$97,670,358","$141,354,394"
601,11/8/2013,The Book Thief,"$19,000,000","$21,488,481","$76,086,711"
602,6/1/2018,Action Point,"$19,000,000","$4,448,033","$4,448,033"
603,12/31/2013,Out of Inferno,"$19,000,000",$0,$0
604,5/9/2014,Neighbors,"$18,000,000","$150,086,800","$270,944,428"
605,3/25/2016,My Big Fat Greek Wedding 2,"$18,000,000","$59,689,605","$92,048,018"
606,9/11/2015,The Perfect Guy,"$18,000,000","$57,027,435","$60,278,166"
607,10/17/2014,Birdman or (The Unexpected Virtue of Ignorance),"$18,000,000","$42,340,598","$103,215,094"
608,7/26/2013,Blue Jasmine,"$18,000,000","$33,404,871","$102,912,961"
609,8/7/2015,Ricki and the Flash,"$18,000,000","$26,839,498","$41,166,033"
610,11/13/2015,Love the Coopers,"$18,000,000","$26,302,731","$42,167,286"
611,4/28/2017,The Circle,"$18,000,000","$20,497,844","$40,651,864"
612,1/15/2016,Norm of the North,"$18,000,000","$17,062,499","$27,392,195"
613,8/16/2013,Jobs,"$18,000,000","$16,131,410","$43,402,515"
614,7/25/2014,And So It Goes,"$18,000,000","$15,160,801","$17,762,041"
615,1/31/2014,Labor Day,"$18,000,000","$13,371,528","$14,189,810"
616,8/30/2013,Getaway,"$18,000,000","$10,501,938","$11,813,989"
617,4/11/2014,The Railway Man,"$18,000,000","$4,438,438","$23,910,210"
618,3/18/2016,Midnight Special,"$18,000,000","$3,712,282","$7,680,250"
619,11/25/2016,Miss Sloane,"$18,000,000","$3,500,605","$5,946,983"
620,9/27/2013,Metallica Through the Never,"$18,000,000","$3,419,967","$9,082,906"
621,3/17/2017,T2: Trainspotting,"$18,000,000","$2,402,004","$42,074,024"
622,3/1/2013,Phantom,"$18,000,000","$1,034,589","$1,199,510"
623,4/15/2016,I Am Wrath,"$18,000,000",$0,"$309,608"
624,8/22/2014,The Prince,"$18,000,000",$0,$0
625,11/14/2014,Wolves,"$18,000,000",$0,$0
626,2/19/2016,Forsaken,"$18,000,000",$0,$0
627,11/27/2013,Black Nativity,"$17,500,000","$7,018,188","$7,285,135"
628,4/6/2018,A Quiet Place,"$17,000,000","$185,460,343","$324,260,343"
629,8/13/2014,Letâs Be Cops,"$17,000,000","$82,390,774","$136,890,774"
630,11/15/2013,The Best Man Holiday,"$17,000,000","$70,525,195","$72,835,710"
631,4/5/2013,Evil Dead,"$17,000,000","$54,239,856","$97,778,356"
632,2/20/2015,"McFarland, USA","$17,000,000","$44,480,275","$45,707,924"
633,11/11/2016,Almost Christmas,"$17,000,000","$42,065,185","$42,493,506"
634,6/10/2016,Genius,"$17,000,000","$1,361,045","$5,653,176"
635,6/26/2015,Escobar: Paradise Lost,"$17,000,000","$195,792","$1,973,945"
636,9/26/2017,"Mune, le gardien de la lune","$17,000,000",$0,"$14,534,046"
637,3/11/2016,The Young Messiah,"$16,800,000","$6,469,813","$7,313,697"
638,10/3/2014,Left Behind,"$16,000,000","$14,019,924","$20,769,209"
639,11/18/2016,Bleed for This,"$16,000,000","$5,083,906","$6,248,077"
640,11/14/2014,The Homesman,"$16,000,000","$2,429,989","$8,217,571"
641,4/5/2013,Trance,"$16,000,000","$2,322,593","$22,594,052"
642,5/16/2014,The Immigrant,"$16,000,000","$2,013,456","$7,585,011"
643,10/1/2014,"Men, Women and Children","$16,000,000","$705,908","$1,705,908"
644,12/31/2013,Zulu,"$16,000,000",$0,"$1,844,228"
645,8/11/2017,Annabelle: Creation,"$15,000,000","$102,092,201","$305,492,201"
646,10/25/2013,Jackass Presents: Bad Grandpa,"$15,000,000","$102,003,019","$160,903,019"
647,11/28/2014,The Imitation Game,"$15,000,000","$91,125,143","$227,773,686"
648,1/18/2013,Mama,"$15,000,000","$71,628,180","$148,095,566"
649,2/22/2013,Snitch,"$15,000,000","$42,930,462","$57,907,734"
650,12/4/2015,Krampus,"$15,000,000","$42,725,475","$61,788,393"
651,12/3/2014,Wild,"$15,000,000","$37,880,356","$52,460,543"
652,11/7/2014,The Theory of Everything,"$15,000,000","$35,893,537","$123,327,692"
653,8/22/2014,When the Game Stands Tall,"$15,000,000","$30,127,963","$30,138,912"
654,9/8/2017,Home Again,"$15,000,000","$27,020,284","$37,337,061"
655,8/27/2014,The November Man,"$15,000,000","$25,018,119","$34,820,335"
656,3/29/2013,The Place Beyond the Pines,"$15,000,000","$21,403,519","$47,011,449"
657,4/29/2016,Keanu,"$15,000,000","$20,591,853","$20,688,141"
658,7/25/2014,A Most Wanted Man,"$15,000,000","$17,237,855","$36,068,890"
659,1/20/2017,The Founder,"$15,000,000","$12,786,053","$18,518,891"
660,5/10/2013,Peeples,"$15,000,000","$9,177,065","$9,307,166"
661,1/4/2013,Promised Land,"$15,000,000","$7,597,898","$12,394,562"
662,10/30/2015,Scouts Guide to the Zombie Apocalypse,"$15,000,000","$3,703,046","$15,554,855"
663,10/16/2015,Nie yin niang,"$15,000,000","$632,542","$6,832,542"
664,4/26/2013,The Reluctant Fundamentalist,"$15,000,000","$528,731","$528,731"
665,9/6/2013,Winnie Mandela,"$15,000,000","$61,847","$61,847"
666,12/6/2013,Khumba,"$15,000,000",$0,"$20,898,221"
667,5/5/2015,A Few Best Men,"$15,000,000",$0,"$17,224,539"
668,10/10/2014,Automata,"$15,000,000",$0,"$6,775,458"
669,12/31/2015,Chiamatemi Francesco - Il papa della gente,"$15,000,000",$0,"$3,454,036"
670,2/17/2017,In Dubious Battle,"$15,000,000",$0,"$214,182"
671,9/1/2015,Broken Horses,"$15,000,000",$0,"$3,471"
672,8/10/2018,The Meg,"$15,000,000",$0,$0
673,7/1/2015,Magic Mike XXL,"$14,500,000","$66,013,057","$123,709,460"
674,6/5/2015,Freedom,"$14,500,000",$0,"$812,783"
675,2/20/2015,Hot Tub Time Machine 2,"$14,000,000","$12,314,651","$12,452,601"
676,10/23/2015,Suffragette,"$14,000,000","$4,702,420","$34,044,909"
677,12/19/2014,Mr. Turner,"$14,000,000","$3,958,546","$25,187,026"
678,11/1/2016,Reign of Assassins,"$14,000,000",$0,"$11,354,230"
679,4/4/2014,Under the Skin,"$13,300,000","$2,614,251","$7,229,933"
680,9/12/2014,No Good Deed,"$13,200,000","$52,543,632","$54,323,210"
681,3/16/2016,Miracles from Heaven,"$13,000,000","$61,705,123","$73,798,720"
682,6/24/2016,The Shallows,"$13,000,000","$55,121,623","$118,888,025"
683,2/14/2014,About Last Night,"$13,000,000","$48,637,684","$50,445,860"
684,10/10/2014,St. Vincent,"$13,000,000","$44,137,712","$54,837,234"
685,7/2/2014,Earth to Echo,"$13,000,000","$38,934,842","$42,174,545"
686,3/1/2013,21 and Over,"$13,000,000","$25,682,380","$42,195,766"
687,4/10/2015,Ex Machina,"$13,000,000","$25,440,971","$38,976,797"
688,3/11/2016,Eye in the Sky,"$13,000,000","$18,704,596","$34,916,128"
689,3/22/2013,Admission,"$13,000,000","$18,007,317","$18,733,666"
690,10/16/2015,Room,"$13,000,000","$14,677,674","$36,262,783"
691,10/16/2015,Woodlawn,"$13,000,000","$14,394,097","$14,403,703"
692,7/24/2015,The Vatican Tapes,"$13,000,000","$1,784,763","$14,999,638"
693,8/14/2015,Brothers,"$13,000,000","$656,688","$17,856,688"
694,3/15/2013,The Call,"$12,800,000","$51,872,378","$69,821,476"
695,8/5/2016,Operation Chromite,"$12,700,000","$1,022,720","$49,196,532"
696,9/12/2014,The Drop,"$12,600,000","$10,724,389","$19,054,534"
697,3/1/2013,Ernest et Celestine,"$12,500,000","$292,562","$9,376,444"
698,6/6/2014,The Fault in Our Stars,"$12,000,000","$124,872,350","$307,166,834"
699,4/16/2014,Heaven is for Real,"$12,000,000","$91,386,097","$100,919,111"
700,11/10/2017,"Three Billboards Outside Ebbing, Missouri","$12,000,000","$54,513,740","$154,167,354"
701,11/25/2016,Lion,"$12,000,000","$51,739,495","$147,539,495"
702,5/4/2018,Overboard,"$12,000,000","$47,557,579","$80,627,579"
703,11/22/2013,Philomena,"$12,000,000","$37,709,979","$98,963,392"
704,7/24/2015,Paper Towns,"$12,000,000","$32,000,304","$85,512,300"
705,8/12/2016,Hell or High Water,"$12,000,000","$27,007,844","$37,584,304"
706,12/12/2014,Top Five,"$12,000,000","$25,317,379","$25,514,848"
707,1/30/2015,Project Almanac,"$12,000,000","$22,348,241","$32,909,437"
708,11/15/2013,Nebraska,"$12,000,000","$17,654,912","$24,761,360"
709,11/1/2013,About Time,"$12,000,000","$15,323,921","$89,309,178"
710,7/14/2017,Wish Upon,"$12,000,000","$14,301,505","$23,477,345"
711,4/21/2017,Unforgettable,"$12,000,000","$11,368,012","$16,237,738"
712,10/13/2017,Marshall,"$12,000,000","$10,051,659","$10,111,433"
713,11/15/2013,La grande bellezza,"$12,000,000","$2,883,879","$29,549,145"
714,3/1/2013,Stoker,"$12,000,000","$1,703,125","$12,034,913"
715,10/9/2015,Trash,"$12,000,000","$17,484","$6,553,186"
716,11/11/2015,10 Days in a Madhouse,"$12,000,000","$14,616","$14,616"
717,10/19/2013,Supesu Batorushippu Yamato,"$12,000,000",$0,$0
718,10/3/2014,Drive Hard,"$12,000,000",$0,$0
719,10/30/2015,Dancin' It's On,"$12,000,000",$0,$0
720,12/31/2015,San cheng ji,"$12,000,000",$0,$0
721,9/23/2016,The Dressmaker,"$11,900,000","$2,022,115","$24,041,617"
722,11/20/2015,Carol,"$11,800,000","$12,711,491","$43,143,595"
723,1/22/2016,Dirty Grandpa,"$11,500,000","$35,593,113","$105,241,410"
724,8/22/2014,If I Stay,"$11,000,000","$50,474,843","$78,356,170"
725,11/4/2015,Brooklyn,"$11,000,000","$38,322,743","$62,076,141"
726,4/1/2015,Woman in Gold,"$11,000,000","$33,307,793","$56,991,059"
727,12/8/2017,"I, Tonya","$11,000,000","$30,014,534","$46,406,819"
728,1/11/2013,Quartet,"$11,000,000","$18,388,357","$56,178,935"
729,12/6/2013,Inside Llewyn Davis,"$11,000,000","$13,248,209","$32,943,247"
730,5/8/2015,La famille BÃ©lier,"$11,000,000",$0,"$82,438,670"
731,2/5/2016,Misconduct,"$11,000,000",$0,"$2,352,511"
732,12/6/2013,The Last Days on Mars,"$10,600,000","$24,084","$261,364"
733,8/26/2016,Donât Breathe,"$10,000,000","$89,217,875","$159,047,649"
734,7/1/2016,The Purge: Election Year,"$10,000,000","$79,042,440","$118,557,124"
735,5/18/2018,Book Club,"$10,000,000","$56,874,124","$61,609,635"
736,6/5/2015,Insidious Chapter 3,"$10,000,000","$52,218,558","$120,678,444"
737,11/3/2017,Lady Bird,"$10,000,000","$48,958,273","$77,057,552"
738,3/16/2018,"Love, Simon","$10,000,000","$40,823,927","$57,220,846"
739,10/27/2017,Jigsaw,"$10,000,000","$38,052,832","$102,630,330"
740,1/22/2016,The Boy,"$10,000,000","$35,819,556","$68,220,952"
741,5/19/2017,"Everything, Everything","$10,000,000","$34,121,140","$61,621,140"
742,3/6/2015,The Second Best Exotic Marigold Hotel,"$10,000,000","$33,078,266","$90,384,306"
743,4/28/2017,How to Be a Latin Lover,"$10,000,000","$32,149,404","$62,556,228"
744,9/9/2016,When the Bough Breaks,"$10,000,000","$29,747,603","$30,768,449"
745,8/30/2013,One Direction: This is Us,"$10,000,000","$28,873,374","$68,541,786"
746,8/21/2015,Sinister 2,"$10,000,000","$27,740,955","$54,104,225"
747,1/8/2016,The Forest,"$10,000,000","$26,594,261","$40,579,218"
748,10/14/2016,Kevin Hart: What Now?,"$10,000,000","$23,591,043","$23,591,043"
749,4/26/2013,Mud,"$10,000,000","$21,590,086","$31,556,959"
750,9/16/2016,Blair Witch,"$10,000,000","$20,777,061","$37,493,221"
751,10/23/2015,Paranormal Activity: The Ghost Dimension,"$10,000,000","$18,297,124","$78,096,553"
752,10/7/2016,The Birth of a Nation,"$10,000,000","$15,861,566","$16,847,879"
753,12/25/2014,Big Eyes,"$10,000,000","$14,482,031","$27,317,872"
754,6/8/2018,Hereditary,"$10,000,000","$13,030,000","$16,530,000"
755,1/25/2013,Movie 43,"$10,000,000","$8,840,453","$31,164,747"
756,3/14/2014,Bad Words,"$10,000,000","$7,779,614","$7,843,145"
757,3/27/2015,While We're Young,"$10,000,000","$7,582,065","$13,423,176"
758,11/11/2016,Shut In,"$10,000,000","$6,900,335","$11,361,962"
759,3/20/2015,Danny Collins,"$10,000,000","$5,637,066","$7,501,132"
760,3/30/2016,Everybody Wants Some,"$10,000,000","$3,400,278","$5,437,126"
761,11/14/2014,Rosewater,"$10,000,000","$3,128,941","$3,168,858"
762,5/3/2013,The Iceman,"$10,000,000","$1,930,282","$3,623,609"
763,4/21/2017,Free Fire,"$10,000,000","$1,799,322","$3,793,739"
764,3/21/2014,50 to 1,"$10,000,000","$1,069,454","$1,069,454"
765,10/4/2013,Parkland,"$10,000,000","$641,439","$1,616,353"
766,5/3/2013,"Cinco de Mayo, La Batalla","$10,000,000","$173,472","$173,472"
767,9/9/2016,Kicks,"$10,000,000","$150,191","$150,191"
768,11/7/2014,Elsa & Fred,"$10,000,000","$67,657","$109,144"
769,7/10/2015,Strangerland,"$10,000,000","$17,472","$161,097"
770,3/13/2015,Hross i oss,"$10,000,000","$11,894","$11,894"
771,12/26/2014,Barbecue,"$10,000,000",$388,"$173,613"
772,9/26/2014,Plastic,"$10,000,000",$0,"$552,641"
773,3/10/2015,Jungle Shuffle,"$10,000,000",$0,"$314,073"
774,2/7/2014,Nurse 3D,"$10,000,000",$0,$0
775,5/19/2015,Into the Grizzly Maze,"$10,000,000",$0,$0
776,7/21/2015,American Heist,"$10,000,000",$0,$0
777,12/31/2013,Re-Kill,"$9,500,000",$0,$0
778,7/18/2014,The Purge: Anarchy,"$9,000,000","$71,562,550","$111,534,881"
779,10/21/2016,Ouija: Origin of Evil,"$9,000,000","$35,144,505","$81,831,866"
780,1/30/2015,Black or White,"$9,000,000","$21,571,189","$21,571,189"
781,11/18/2016,The Edge of Seventeen,"$9,000,000","$14,431,633","$18,802,255"
782,12/2/2016,Jackie,"$9,000,000","$13,960,394","$25,969,736"
783,11/4/2016,Loving,"$9,000,000","$7,710,234","$12,927,162"
784,8/26/2016,Greater,"$9,000,000","$2,000,093","$2,000,093"
785,5/6/2016,Dheepan,"$9,000,000","$248,795","$7,714,549"
786,5/8/2015,Skin Trade,"$9,000,000","$1,242","$1,242"
787,6/17/2014,Beneath Hill 60,"$9,000,000",$0,"$3,440,939"
788,1/20/2015,Veronika Decides to Die,"$9,000,000",$0,"$2,243"
789,2/1/2013,A Haunting in Connecticut 2: The Ghosts of Georgia,"$9,000,000",$0,$0
790,11/13/2015,Heist,"$8,900,000","$50,136","$3,324,184"
791,11/18/2016,Manchester by the Sea,"$8,500,000","$47,695,371","$77,761,947"
792,2/20/2015,The DUFF,"$8,500,000","$34,030,343","$43,528,634"
793,10/31/2014,Nightcrawler,"$8,500,000","$32,381,218","$50,334,418"
794,9/27/2013,Baggage Claim,"$8,500,000","$21,569,509","$22,885,836"
795,10/7/2016,Middle School: The Worst Years of My Life,"$8,500,000","$20,007,149","$23,311,425"
796,10/18/2013,All is Lost,"$8,500,000","$6,263,670","$10,386,814"
797,6/13/2014,The Rover,"$8,500,000","$1,109,199","$3,180,252"
798,12/31/2017,ÐÐÐ¡ÐÐÐÐÐÐ ÐÐÐÐÐ¢Ð«Ð Ð¬,"$8,500,000",$0,"$30,431,962"
799,5/31/2013,Yeh Jawaani Hai Deewani,"$8,300,000","$3,827,466","$50,827,466"
800,1/31/2014,That Awkward Moment,"$8,000,000","$26,068,955","$53,068,955"
801,9/18/2013,Enough Said,"$8,000,000","$17,550,872","$25,621,449"
802,6/27/2014,Begin Again,"$8,000,000","$16,170,632","$68,838,736"
803,6/12/2015,Me and Earl and the Dying Girl,"$8,000,000","$6,758,416","$9,266,180"
804,9/2/2016,Morgan,"$8,000,000","$3,915,251","$7,298,786"
805,12/30/2015,Anomalisa,"$8,000,000","$3,759,286","$5,538,273"
806,11/18/2016,A Street Cat Named Bob,"$8,000,000","$82,703","$8,370,555"
807,5/22/2015,Aloft,"$8,000,000","$53,086","$53,086"
808,9/20/2013,Feichang Xingyun,"$8,000,000",$0,"$21,970,000"
809,9/29/2017,"Don Gato, el inicio de la pandilla","$8,000,000",$0,"$4,598,934"
810,8/12/2014,Swelter,"$8,000,000",$0,"$44,197"
811,2/24/2015,Green Street Hooligans: Underground,"$8,000,000",$0,$0
812,12/31/2015,Henry Joseph Church,"$8,000,000",$0,$0
813,5/6/2016,Code of Honor,"$8,000,000",$0,$0
814,4/24/2018,Backstabbing For Beginners,"$8,000,000",$0,$0
815,4/14/2015,Loin des hommes,"$7,700,000","$5,336","$1,080,428"
816,6/24/2016,The Neon Demon,"$7,500,000","$1,333,124","$3,559,803"
817,4/13/2018,Borg vs McEnroe,"$7,500,000","$231,346","$3,086,175"
818,1/9/2015,Black November,"$7,500,000",$0,"$32,572"
819,2/24/2015,Outside Bet,"$7,500,000",$0,"$13,524"
820,5/15/2015,Pound of Flesh,"$7,500,000",$0,$0
821,1/13/2017,The Bye Bye Man,"$7,400,000","$22,395,806","$25,863,405"
822,3/16/2018,I Can Only Imagine,"$7,000,000","$83,196,367","$84,682,252"
823,6/19/2015,Dope,"$7,000,000","$17,506,470","$18,190,831"
824,1/17/2014,Devil's Due,"$7,000,000","$15,821,461","$36,146,087"
825,11/14/2014,Beyond the Lights,"$7,000,000","$14,618,727","$14,618,727"
826,11/15/2013,The Christmas Candle,"$7,000,000","$1,632,000","$1,933,829"
827,10/2/2015,Freeheld,"$7,000,000","$546,201","$1,732,228"
828,4/2/2014,Dom Hemingway,"$7,000,000","$523,511","$1,857,458"
829,1/30/2015,Trudno byt bogom,"$7,000,000","$31,443","$35,919"
830,1/28/2014,Snezhnaya koroleva,"$7,000,000",$0,"$15,206,330"
831,12/6/2016,Oddball,"$7,000,000",$0,"$10,237,229"
832,8/18/2015,Z Storm,"$7,000,000",$0,"$2,053,330"
833,12/31/2015,ÐÐÐ ÐÐ,"$7,000,000",$0,"$1,391,410"
834,7/23/2013,Twixt,"$7,000,000",$0,"$1,268,346"
835,11/20/2015,Criminal Activities,"$7,000,000",$0,"$386,744"
836,9/1/2015,Alpha & Omega: The Legend of the Saw Tooth Cave,"$7,000,000",$0,$0
837,1/31/2017,Two Lovers and a Bear,"$6,840,000",$0,"$22,273"
838,10/3/2014,Annabelle,"$6,500,000","$84,273,813","$256,862,920"
839,5/31/2013,The East,"$6,500,000","$2,274,649","$3,027,956"
840,5/11/2018,Breaking In,"$6,000,000","$43,987,185","$46,487,185"
841,7/18/2014,Wish I Was Here,"$6,000,000","$3,591,299","$6,591,365"
842,3/14/2014,Veronica Mars,"$6,000,000","$3,322,127","$3,485,383"
843,1/23/2015,Song One,"$6,000,000","$32,251","$437,089"
844,9/27/2013,Don Jon,"$5,500,000","$24,477,704","$41,268,579"
845,1/23/2015,R100,"$5,500,000","$24,956","$24,956"
846,5/5/2015,Miss Julie,"$5,500,000",$0,"$863,895"
847,2/26/2013,Tao Jie,"$5,400,000",$0,"$4,728,896"
848,7/19/2013,Grabbers,"$5,300,000",$0,"$440,821"
849,10/11/2013,La Vie d'AdÃ¨le â Chapitres 1 & 2,"$5,250,000","$2,450,504","$22,934,370"
850,2/24/2017,Get Out,"$5,000,000","$176,040,665","$255,209,057"
851,1/20/2017,Split,"$5,000,000","$138,141,585","$278,449,984"
852,9/13/2013,Insidious Chapter 2,"$5,000,000","$83,586,447","$161,921,515"
853,3/11/2016,10 Cloverfield Lane,"$5,000,000","$72,082,999","$108,286,422"
854,7/22/2016,Lights Out,"$5,000,000","$67,268,835","$148,868,835"
855,9/11/2015,The Visit,"$5,000,000","$65,206,105","$98,689,296"
856,10/13/2017,Happy Death Day,"$5,000,000","$55,683,845","$124,967,272"
857,10/24/2014,Ouija,"$5,000,000","$50,856,010","$103,683,342"
858,8/30/2013,No se Aceptan Devoluciones,"$5,000,000","$44,467,206","$100,486,616"
859,8/7/2015,The Gift,"$5,000,000","$43,787,265","$58,978,653"
860,6/23/2017,The Big Sick,"$5,000,000","$42,872,467","$53,005,448"
861,1/3/2014,Paranormal Activity: The Marked Ones,"$5,000,000","$32,462,372","$87,251,115"
862,4/11/2014,Oculus,"$5,000,000","$27,695,246","$44,115,496"
863,11/1/2013,Dallas Buyers Club,"$5,000,000","$27,298,285","$60,611,845"
864,8/26/2015,No Escape,"$5,000,000","$27,288,872","$42,844,516"
865,2/27/2015,The Lazarus Effect,"$5,000,000","$25,801,570","$35,341,814"
866,7/5/2013,The Way Way Back,"$5,000,000","$21,502,690","$26,853,810"
867,8/29/2014,"As Above, So Below","$5,000,000","$21,222,315","$41,824,066"
868,4/1/2016,Godâs Not Dead 2,"$5,000,000","$20,773,069","$23,562,057"
869,2/19/2016,Race,"$5,000,000","$19,115,191","$22,178,125"
870,1/16/2015,Still Alice,"$5,000,000","$18,656,400","$41,699,612"
871,3/23/2018,"Paul, Apostle of Christ","$5,000,000","$17,547,999","$23,194,175"
872,10/10/2014,Addicted,"$5,000,000","$17,390,770","$17,499,242"
873,3/15/2013,Spring Breakers,"$5,000,000","$14,124,286","$31,149,251"
874,6/9/2017,It Comes at Night,"$5,000,000","$13,985,117","$19,720,203"
875,7/15/2016,Hillaryâs America: The Secret History of the Democratic Party,"$5,000,000","$13,099,931","$13,099,931"
876,1/29/2016,Fifty Shades of Black,"$5,000,000","$11,686,940","$21,152,319"
877,5/9/2014,Momsâ Night Out,"$5,000,000","$10,429,707","$10,537,341"
878,3/17/2017,The Belko Experiment,"$5,000,000","$10,166,820","$10,753,399"
879,3/11/2016,The Perfect Match,"$5,000,000","$9,669,521","$9,669,521"
880,9/11/2015,90 Minutes in Heaven,"$5,000,000","$4,816,142","$4,816,142"
881,12/2/2016,Incarnate,"$5,000,000","$4,799,774","$7,041,835"
882,3/3/2017,Table 19,"$5,000,000","$3,614,896","$4,620,399"
883,4/15/2016,Green Room,"$5,000,000","$3,220,371","$3,807,503"
884,10/10/2014,Kill the Messenger,"$5,000,000","$2,450,846","$6,656,705"
885,10/23/2015,Jem and the Holograms,"$5,000,000","$2,184,640","$2,368,937"
886,12/28/2016,Paterson,"$5,000,000","$2,141,423","$10,762,654"
887,9/12/2014,Atlas Shrugged: Who Is John Galt?,"$5,000,000","$851,690","$851,690"
888,8/16/2013,Ain't Them Bodies Saints,"$5,000,000","$391,611","$1,075,009"
889,9/26/2014,Jimi: All is By My Side,"$5,000,000","$340,911","$927,074"
890,8/7/2015,Cop Car,"$5,000,000","$134,552","$143,658"
891,10/17/2014,Rudderless,"$5,000,000","$56,001","$567,219"
892,5/15/2015,Area 51,"$5,000,000","$7,556","$7,556"
893,9/2/2016,Yoga Hosers,"$5,000,000",$0,"$2,199"
894,8/18/2014,Henry & Me,"$5,000,000",$0,$0
895,1/27/2015,Born of War,"$5,000,000",$0,$0
896,12/5/2014,Dying of the Light,"$5,000,000",$0,$0
897,1/9/2015,Let's Kill Ward's Wife,"$5,000,000",$0,$0
898,1/13/2015,Capricorn One,"$5,000,000",$0,$0
899,12/31/2015,Aztec Warrior,"$5,000,000",$0,$0
900,9/25/2015,Navy SEAL vs. Zombies,"$5,000,000",$0,$0
901,3/15/2016,The Hatching,"$5,000,000",$0,$0
902,10/27/2015,Running Forever,"$5,000,000",$0,$0
903,1/23/2015,Mommy,"$4,900,000","$3,498,695","$17,554,183"
904,7/19/2013,Only God Forgives,"$4,800,000","$775,849","$4,494,560"
905,3/10/2015,Treading Water,"$4,700,000",$0,$0
906,3/25/2016,The Lobster,"$4,500,000","$9,196,278","$18,050,296"
907,5/8/2015,Maggie,"$4,500,000","$187,112","$597,989"
908,3/1/2013,The Sweeney,"$4,500,000","$26,345","$8,000,366"
909,9/4/2014,Falcon Rising,"$4,500,000","$11,774","$11,774"
910,6/25/2013,Hansel & Gretel Get Baked,"$4,500,000",$0,$0
911,11/7/2014,Fugly,"$4,500,000",$0,$0
912,8/28/2015,Zipper,"$4,500,000",$0,$0
913,12/1/2017,Daisy Winters,"$4,500,000",$0,$0
914,12/31/2016,Airlift (2016),"$4,400,000",$0,"$9,969,237"
915,9/29/2015,R.L. Stine's Monsterville: The Cabinet of Souls,"$4,400,000",$0,$0
916,6/6/2014,Anna,"$4,357,373",$0,"$1,200,000"
917,1/23/2015,The Boy Next Door,"$4,000,000","$36,006,065","$53,401,938"
918,7/11/2014,Boyhood,"$4,000,000","$25,379,975","$57,273,049"
919,4/18/2014,A Haunted House 2,"$4,000,000","$17,329,487","$21,206,861"
920,3/1/2013,The Last Exorcism Part II,"$4,000,000","$15,179,303","$25,448,707"
921,5/13/2016,The Darkness,"$4,000,000","$10,753,574","$10,898,293"
922,6/13/2014,The Signal,"$4,000,000","$600,896","$2,665,322"
923,3/7/2014,The Face of Love,"$4,000,000","$385,069","$1,158,877"
924,4/11/2014,Joe,"$4,000,000","$373,375","$373,375"
925,8/25/2017,Polina danser sa vie,"$4,000,000","$165,203","$212,723"
926,4/10/2015,Desert Dancer,"$4,000,000","$155,271","$324,218"
927,1/30/2015,"Guten Tag, Ramon","$4,000,000","$154,356","$4,854,356"
928,6/19/2015,Manglehorn,"$4,000,000","$132,270","$797,439"
929,2/27/2015,Praia do Futuro,"$4,000,000","$20,620","$760,678"
930,2/22/2013,Inescapable,"$4,000,000","$4,327","$4,327"
931,12/31/2017,Perfectos Desconocidos,"$4,000,000",$0,"$26,337,196"
932,12/31/2013,Geograf globus propil,"$4,000,000",$0,"$4,454,853"
933,12/31/2015,The Veil,"$4,000,000",$0,$0
934,7/11/2014,The Perfect Wave,"$4,000,000",$0,$0
935,9/8/2015,Chain of Command,"$4,000,000",$0,$0
936,3/10/2017,Raw,"$3,800,000","$514,870","$3,331,007"
937,12/31/2018,Hevi reissu,"$3,800,000",$0,$0
938,4/13/2018,Truth or Dare,"$3,500,000","$40,717,020","$87,517,020"
939,2/19/2016,The Witch,"$3,500,000","$25,138,705","$40,454,520"
940,2/2/2018,Winchester,"$3,500,000","$25,091,816","$38,690,848"
941,2/22/2013,Dark Skies,"$3,500,000","$17,418,667","$27,704,111"
942,1/19/2018,Forever My Girl,"$3,500,000","$16,376,066","$16,376,066"
943,3/18/2016,The Bronze,"$3,500,000","$615,816","$615,816"
944,1/8/2016,The Masked Saint,"$3,500,000","$182,695","$182,695"
945,6/3/2016,Time to Choose,"$3,500,000","$29,233","$29,233"
946,1/29/2013,"Batman: The Dark Knight Returns, Part 2","$3,500,000",$0,$0
947,3/11/2014,In the Name of the King III,"$3,500,000",$0,$0
948,3/4/2014,Wicked Blood,"$3,500,000",$0,$0
949,6/5/2015,Dawn Patrol,"$3,500,000",$0,$0
950,5/17/2013,Jagten,"$3,450,000","$687,185","$18,309,793"
951,9/1/2015,Lords of London,"$3,440,000",$0,$0
952,3/3/2015,To Write Love On Her Arms,"$3,400,000",$0,$0
953,10/10/2014,Whiplash,"$3,300,000","$13,092,006","$33,474,334"
954,1/20/2015,The Opposite Sex,"$3,300,000",$0,"$40,262"
955,4/22/2016,The Meddler,"$3,200,000","$4,267,219","$5,526,942"
956,4/12/2013,Antiviral,"$3,100,000",$0,"$123,407"
957,8/28/2015,War Room,"$3,000,000","$67,790,117","$73,975,239"
958,6/7/2013,The Purge,"$3,000,000","$64,473,115","$91,266,581"
959,5/24/2013,Before Midnight,"$3,000,000","$8,110,621","$23,251,930"
960,7/22/2016,Donât Think Twice,"$3,000,000","$4,417,983","$4,417,983"
961,6/24/2016,Swiss Army Man,"$3,000,000","$4,210,454","$5,837,111"
962,5/17/2013,Frances Ha,"$3,000,000","$4,067,398","$11,262,769"
963,4/22/2016,Compadres,"$3,000,000","$3,127,773","$7,445,044"
964,9/19/2014,Tusk,"$3,000,000","$1,821,983","$1,857,688"
965,8/15/2014,Fort McCoy,"$3,000,000","$78,948","$78,948"
966,9/4/2015,Before We Go,"$3,000,000","$37,151","$483,938"
967,10/10/2017,Demonic,"$3,000,000",$0,"$4,668,109"
968,6/27/2014,They Came Together,"$3,000,000",$0,"$82,780"
969,5/21/2013,Open Road,"$3,000,000",$0,"$47,469"
970,12/31/2015,AWOL-72,"$3,000,000",$0,$0
971,1/15/2013,30 Nights Of Paranormal Activity With The Devil Inside The Girl With The Dragon Tattoo,"$3,000,000",$0,$0
972,2/6/2015,Enter the Dangerous Mind,"$3,000,000",$0,$0
973,3/17/2015,Something Wicked,"$3,000,000",$0,$0
974,7/8/2014,Point Blank,"$3,000,000",$0,$0
975,10/27/2014,Iguana,"$3,000,000",$0,$0
976,8/14/2015,Amnesiac,"$3,000,000",$0,$0
977,12/31/2015,Unnatural,"$3,000,000",$0,$0
978,12/11/2015,Close Range,"$3,000,000",$0,$0
979,12/31/2015,Sardaar Ji,"$2,700,000",$0,"$8,200,000"
980,5/2/2014,Ida,"$2,600,000","$3,827,060","$15,298,355"
981,1/11/2013,A Haunted House,"$2,500,000","$40,041,683","$59,922,558"
982,7/3/2013,Kevin Hart: Let Me Explain,"$2,500,000","$32,244,051","$32,327,255"
983,8/2/2013,The Spectacular Now,"$2,500,000","$6,852,971","$6,916,951"
984,6/24/2016,Hunt for the Wilderpeople,"$2,500,000","$5,205,471","$23,238,220"
985,3/1/2013,The Lost Medallion: The Adventures of Billy Stone,"$2,500,000","$549,632","$549,632"
986,8/16/2013,Underdogs,"$2,500,000","$35,017","$35,017"
987,6/21/2013,Alien Uprising,"$2,500,000",$0,$0
988,7/3/2015,Stung,"$2,500,000",$0,$0
989,9/1/2017,Sky Sharks,"$2,500,000",$0,$0
990,10/13/2015,8 Days,"$2,500,000",$0,$0
991,9/2/2016,Antibirth,"$2,500,000",$0,$0
992,2/2/2016,The Rise of the Krays,"$2,500,000",$0,$0
993,11/14/2014,Always Woodstock,"$2,400,000",$0,$0
994,3/20/2015,Do You Believe?,"$2,300,000","$12,985,600","$14,305,450"
995,9/5/2014,Frontera,"$2,300,000","$59,696","$59,696"
996,4/15/2015,The Toxic Avenger Part II,"$2,300,000",$0,$0
997,1/19/2016,Eden,"$2,300,000",$0,$0
998,10/16/2016,Mi America,"$2,100,000","$3,330","$3,330"
999,10/6/2015,The Timber,"$2,100,000",$0,$0
1000,1/19/2016,Sharkskin,"$2,100,000",$0,$0
1001,3/13/2015,It Follows,"$2,000,000","$14,674,077","$23,250,755"
1002,10/10/2014,Meet the Mormons,"$2,000,000","$6,047,363","$6,049,171"
1003,8/25/2017,All Saints,"$2,000,000","$5,802,208","$5,941,994"
1004,8/28/2015,We Are Your Friends,"$2,000,000","$3,591,417","$10,166,209"
1005,9/18/2015,Captive,"$2,000,000","$2,583,301","$2,791,973"
1006,1/20/2017,The Resurrection of Gavin Stone,"$2,000,000","$2,303,792","$2,303,792"
1007,8/7/2015,The Diary of a Teenage Girl,"$2,000,000","$1,477,002","$2,279,959"
1008,11/28/2014,The Babadook,"$2,000,000","$950,792","$7,482,387"
1009,2/13/2015,The Last Five Years,"$2,000,000","$147,299","$147,299"
1010,9/19/2014,Pump,"$2,000,000","$72,277","$72,277"
1011,4/7/2015,Lost River,"$2,000,000","$45,431","$73,806"
1012,2/3/2017,Growing up Smith,"$2,000,000","$35,312","$35,312"
1013,9/13/2013,Plush,"$2,000,000","$3,080","$28,864"
1014,10/23/2015,Bone Tomahawk,"$2,000,000",$0,"$481,525"
1015,4/1/2013,Stitches,"$2,000,000",$0,"$63,555"
1016,12/31/2015,"To Be Frank, Sinatra at 100","$2,000,000",$0,$926
1017,3/17/2015,The Lady from Shanghai,"$2,000,000",$0,$0
1018,3/19/2013,Straight A's,"$2,000,000",$0,$0
1019,2/8/2013,Small Apartments,"$2,000,000",$0,$0
1020,7/9/2013,Coffee Town,"$2,000,000",$0,$0
1021,12/31/2014,Lucky Dog,"$2,000,000",$0,$0
1022,9/9/2014,A Funny Thing Happened on the Way to the Forum,"$2,000,000",$0,$0
1023,3/20/2015,The Walking Deceased,"$2,000,000",$0,$0
1024,8/21/2015,The Curse of Downers Grove,"$2,000,000",$0,$0
1025,12/31/2015,Wind Walkers,"$2,000,000",$0,$0
1026,7/8/2016,The Dog Lover,"$2,000,000",$0,$0
1027,12/1/2015,Shark Lake,"$2,000,000",$0,$0
1028,4/21/2015,The Marine 4,"$1,950,000",$0,$0
1029,4/24/2015,Brotherly Love,"$1,900,000","$478,595","$478,595"
1030,2/8/2013,ABCD (Any Body Can Dance),"$1,900,000","$222,098","$10,137,234"
1031,7/26/2013,Stranded,"$1,900,000",$0,"$285,593"
1032,12/31/2015,Vaalu,"$1,900,000",$0,"$12,444"
1033,12/31/2013,Independence Daysaster,"$1,800,000",$0,$0
1034,3/11/2014,Against the Wild,"$1,800,000",$0,$0
1035,10/20/2015,Beginners Guide to Sex,"$1,800,000",$0,$0
1036,12/31/2013,Living Dark: The Story of Ted the Caver,"$1,750,000",$0,$0
1037,2/28/2014,The Lunchbox,"$1,700,000","$4,231,500","$12,231,500"
1038,10/4/2013,Grace Unplugged,"$1,700,000","$2,507,159","$2,507,159"
1039,12/18/2015,Saul fia,"$1,700,000","$1,777,043","$9,696,537"
1040,9/26/2014,Two Night Stand,"$1,600,000","$15,600","$868,081"
1041,10/21/2016,Moonlight,"$1,500,000","$27,854,931","$65,330,558"
1042,7/26/2013,The To Do List,"$1,500,000","$3,491,669","$4,128,828"
1043,2/1/2013,The Gatekeepers,"$1,500,000","$2,408,553","$2,592,308"
1044,10/21/2016,Iâm Not Ashamed,"$1,500,000","$2,082,980","$2,082,980"
1045,4/19/2013,The Lords of Salem,"$1,500,000","$1,165,881","$1,541,131"
1046,4/22/2016,Unsullied,"$1,500,000","$510,957","$510,957"
1047,3/6/2015,Road Hard,"$1,500,000","$113,169","$113,169"
1048,9/28/2015,"Me, You and Five Bucks","$1,500,000","$2,105","$2,105"
1049,10/17/2014,Housebound,"$1,500,000",$0,"$236,863"
1050,4/17/2014,Closer to the Moon,"$1,500,000",$0,"$5,396"
1051,11/11/2014,Once Upon a Time in Queens,"$1,500,000",$0,$0
1052,2/13/2015,Girlhouse,"$1,500,000",$0,$0
1053,5/26/2015,Mutant World,"$1,500,000",$0,$0
1054,11/20/2015,#Horror,"$1,500,000",$0,$0
1055,9/8/2015,Checkmate,"$1,500,000",$0,$0
1056,10/3/2014,La chambre bleue,"$1,400,000","$260,441","$1,945,420"
1057,4/5/2013,Eddie: The Sleepwalking Cannibal,"$1,400,000","$1,632","$1,632"
1058,12/31/2014,Kurmanjan datka,"$1,400,000",$0,$0
1059,12/31/2015,One Shot,"$1,400,000",$0,$0
1060,12/31/2014,House at the End of the Drive,"$1,400,000",$0,$0
1061,1/30/2015,Above and Beyond,"$1,300,000","$288,751","$288,751"
1062,6/13/2014,Los insolitos peces gato,"$1,300,000","$11,278","$16,653"
1063,6/26/2015,The Algerian,"$1,300,000",$0,$0
1064,4/19/2013,Filly Brown,"$1,250,000","$2,850,357","$2,940,411"
1065,1/13/2015,Da Sweet Blood of Jesus,"$1,250,000",$0,$0
1066,4/19/2013,Home Run,"$1,200,000","$2,859,955","$2,859,955"
1067,8/28/2015,Que Horas Ela Volta?,"$1,200,000","$376,976","$3,056,292"
1068,6/23/2017,Blood Feast,"$1,200,000","$8,708","$8,708"
1069,9/18/2015,La navaja de Don Juan,"$1,200,000","$4,254","$4,254"
1070,9/9/2014,Cotton Comes to Harlem,"$1,200,000",$0,$0
1071,2/3/2015,Bleeding Hearts,"$1,200,000",$0,$0
1072,12/31/2013,The Wicked Within,"$1,200,000",$0,$0
1073,3/21/2014,Godâs Not Dead,"$1,150,000","$60,755,732","$63,777,092"
1074,11/21/2014,The Sleepwalker,"$1,100,000","$2,636","$2,636"
1075,3/7/2017,Departure,"$1,100,000",$0,"$27,561"
1076,4/7/2015,Silent Running,"$1,100,000",$0,$0
1077,12/31/2013,The Vatican Exorcisms,"$1,100,000",$0,$0
1078,4/17/2015,Unfriended,"$1,000,000","$32,789,645","$62,869,004"
1079,8/23/2013,You're Next,"$1,000,000","$18,494,006","$26,887,177"
1080,9/25/2015,The Green Inferno,"$1,000,000","$7,192,291","$12,931,569"
1081,9/12/2014,The Skeleton Twins,"$1,000,000","$5,284,309","$5,797,192"
1082,6/14/2013,20 Feet From Stardom,"$1,000,000","$4,946,250","$5,892,466"
1083,7/28/2017,An Inconvenient Sequel,"$1,000,000","$3,496,795","$4,062,957"
1084,6/6/2014,Obvious Child,"$1,000,000","$3,122,616","$3,324,070"
1085,8/18/2017,Patti Cake$,"$1,000,000","$800,148","$1,471,090"
1086,5/9/2014,Palo Alto,"$1,000,000","$767,732","$1,156,309"
1087,10/24/2014,23 Blast,"$1,000,000","$549,185","$549,185"
1088,7/19/2013,The Act of Killing,"$1,000,000","$486,919","$501,289"
1089,7/18/2014,I Origins,"$1,000,000","$336,472","$852,399"
1090,11/28/2014,Antarctica: A Year on Ice,"$1,000,000","$288,757","$288,757"
1091,4/8/2016,The Invitation,"$1,000,000","$231,738","$354,836"
1092,7/31/2015,Beyond the Brick: A LEGO Brickumentary,"$1,000,000","$101,531","$101,531"
1093,3/11/2016,Creative Control,"$1,000,000","$63,014","$63,014"
1094,2/13/2015,Hits,"$1,000,000","$15,156","$15,156"
1095,10/17/2014,Camp X-Ray,"$1,000,000","$9,837","$9,837"
1096,4/10/2015,The Sisterhood of Night,"$1,000,000","$6,870","$6,870"
1097,5/15/2015,Childless,"$1,000,000","$1,036","$1,036"
1098,12/31/2013,Heli,"$1,000,000",$0,"$552,614"
1099,12/31/2015,Karachi se Lahore,"$1,000,000",$0,"$17,721"
1100,12/11/2015,American Hero,"$1,000,000",$0,$26
1101,5/14/2013,Black Rock,"$1,000,000",$0,$0
1102,1/7/2014,Hidden Away,"$1,000,000",$0,$0
1103,10/4/2013,My Last Day Without You,"$1,000,000",$0,$0
1104,10/8/2013,Zombie Hunter,"$1,000,000",$0,$0
1105,12/31/2014,Doc Holliday's Revenge,"$1,000,000",$0,$0
1106,6/24/2014,A Fine Step,"$1,000,000",$0,$0
1107,2/10/2015,Fear Clinic,"$1,000,000",$0,$0
1108,3/10/2015,The Pet,"$1,000,000",$0,$0
1109,12/31/2014,Bang Bang Baby,"$1,000,000",$0,$0
1110,3/1/2016,1982,"$1,000,000",$0,$0
1111,10/27/2015,The Horror Network,"$1,000,000",$0,$0
1112,12/31/2016,Chemical Cut,"$1,000,000",$0,$0
1113,12/22/2015,Por amor en el caserio,"$1,000,000",$0,$0
1114,1/10/2014,Banshee Chapter,"$950,000",$0,"$78,122"
1115,8/12/2014,Jesse,"$950,000",$0,$0
1116,3/3/2015,Ask Me Anything,"$950,000",$0,$0
1117,11/21/2014,Food Chains,"$913,000",$0,$0
1118,7/12/2013,Fruitvale Station,"$900,000","$16,098,998","$17,549,645"
1119,4/1/2016,Meet the Blacks,"$900,000","$9,097,072","$9,097,072"
1120,4/5/2013,The Brass Teapot,"$900,000","$6,997","$413,733"
1121,12/31/2014,40 Weeks,"$900,000",$0,$0
1122,5/5/2015,Le bonheur d'Elza,"$900,000",$0,$0
1123,8/28/2015,Windsor Drive,"$850,000","$3,256","$3,256"
1124,9/19/2014,Not Cool,"$800,000","$35,688","$35,688"
1125,1/9/2015,Vessel,"$800,000",$0,$0
1126,8/29/2014,Il conformista,"$750,000","$59,656","$59,656"
1127,10/11/2013,All the Boys Love Mandy Lane,"$750,000",$0,"$1,960,521"
1128,12/31/2014,Destiny,"$750,000",$0,$450
1129,1/5/2016,Adulterers,"$750,000",$0,$0
1130,3/13/2015,Walter,"$700,000",$0,$0
1131,10/11/2013,Escape from Tomorrow,"$650,000","$171,962","$171,962"
1132,12/31/2014,The Hadza: Last of the First,"$650,000",$0,$0
1133,12/31/2013,Treachery,"$625,000",$0,$0
1134,5/2/2014,Water & Power,"$600,000","$42,557","$42,557"
1135,5/22/2015,Drunk Wedding,"$600,000","$3,301","$3,301"
1136,3/4/2016,They Will Have to Kill Us First,"$600,000",$0,"$7,943"
1137,8/8/2014,The Maid's Room,"$600,000",$0,$0
1138,12/31/2014,Light from the Darkroom,"$600,000",$0,$0
1139,2/24/2015,Irreplaceable,"$600,000",$0,$0
1140,12/31/2015,Julija in alfa Romeo,"$560,000",$0,"$8,462"
1141,9/12/2014,Faith Connections,"$550,000","$9,111","$9,111"
1142,8/23/2013,Drinking Buddies,"$500,000","$343,706","$407,100"
1143,4/17/2013,Deceptive Practice: The Mysteries and Mentors of Ricky Jay,"$500,000","$152,449","$152,449"
1144,12/11/2015,O Menino e o Mundo,"$500,000","$129,479","$270,394"
1145,9/10/2014,Born to Fly: Elizabeth Streb vs. Gravity,"$500,000","$1,822","$1,822"
1146,6/28/2013,Detention of the Dead,"$500,000","$1,778","$1,778"
1147,1/8/2013,Now is Good,"$500,000",$0,"$2,141,436"
1148,12/31/2014,America Is Still The Place,"$500,000",$0,$0
1149,7/24/2015,The Outrageous Sophie Tucker,"$500,000",$0,$0
1150,3/10/2015,Subconscious,"$500,000",$0,$0
1151,4/14/2015,Roadside,"$500,000",$0,$0
1152,12/31/2014,Diamond Rufff,"$500,000",$0,$0
1153,2/10/2015,Love in the Time of Monsters,"$500,000",$0,$0
1154,12/31/2014,Fight to the Finish,"$500,000",$0,$0
1155,12/31/2013,Bucky and the Squirrels,"$500,000",$0,$0
1156,6/23/2015,Crossroads,"$500,000",$0,$0
1157,8/11/2015,Alleluia! The Devil's Carnival,"$500,000",$0,$0
1158,12/1/2015,Brooklyn Bizarre,"$500,000",$0,$0
1159,12/31/2016,Crabs!,"$500,000",$0,$0
1160,12/31/2014,The Sound and the Shadow,"$500,000",$0,$0
1161,12/31/2015,Rodeo Girl,"$500,000",$0,$0
1162,11/10/2015,The Little Ponderosa Zoo,"$500,000",$0,$0
1163,11/20/2015,Siakh lokhamim: ha'slilim ha'gnouzim,"$450,000","$41,260","$42,503"
1164,7/11/2014,As It Is in Heaven,"$450,000","$13,486","$13,486"
1165,7/1/2014,Mutual Friends,"$450,000",$0,$0
1166,12/31/2014,Rise Of the Entrepreneur - The Search For A Better Way,"$450,000",$0,$0
1167,4/25/2014,Blue Ruin,"$420,000","$258,384","$435,168"
1168,3/31/2015,Viskningar och rop,"$400,000",$0,"$9,400"
1169,12/31/2014,Pancakes,"$400,000",$0,$0
1170,10/20/2015,Rotor DR1,"$350,000",$0,$0
1171,3/28/2014,Locker 13,"$300,000","$3,496","$3,496"
1172,10/23/2015,The Looking Glass,"$300,000","$1,711","$1,711"
1173,8/7/2013,Midnight Cabaret,"$300,000",$0,$0
1174,10/31/2014,All You Need Is Love,"$300,000",$0,$0
1175,3/10/2015,Teeth and Blood,"$300,000",$0,$0
1176,12/31/2015,Walking to Paris,"$300,000",$0,$0
1177,12/8/2015,Amidst the Devil's Wings,"$300,000",$0,$0
1178,4/28/2017,Sleight,"$250,000","$3,930,990","$3,934,450"
1179,8/2/2013,The Canyons,"$250,000","$59,671","$62,375"
1180,6/6/2014,Test,"$250,000","$18,823","$18,823"
1181,8/15/2014,Night Lights,"$250,000","$12,848","$12,848"
1182,3/24/2015,Along the Roadside,"$250,000",$0,"$3,234"
1183,4/11/2014,Jesus People,"$250,000",$0,$0
1184,2/3/2015,UnDivided,"$250,000",$0,$0
1185,12/31/2014,Horse Camp,"$250,000",$0,$0
1186,2/24/2015,Give Me Shelter,"$250,000",$0,$0
1187,12/31/2015,Shooting the Warwicks,"$250,000",$0,$0
1188,8/18/2015,The Love Letter,"$250,000",$0,$0
1189,10/9/2015,Western Religion,"$250,000",$0,$0
1190,12/31/2015,4/11,"$250,000",$0,$0
1191,6/19/2015,The Overnight,"$200,000","$1,109,808","$1,165,996"
1192,3/14/2014,The Word,"$200,000","$3,648","$3,648"
1193,9/12/2014,Archaeology of a Woman,"$200,000",$0,$0
1194,8/26/2014,Sanctuary; Quite a Conundrum,"$200,000",$0,$0
1195,9/29/2015,Theresa Is a Mother,"$200,000",$0,$0
1196,11/10/2015,Perfect Cowboy,"$200,000",$0,$0
1197,12/31/2014,H.,"$200,000",$0,$0
1198,2/27/2015,Butterfly Girl,"$180,000","$17,503","$17,503"
1199,6/16/2017,Arrowhead,"$180,000",$0,$0
1200,8/23/2013,Sparrows Dance,"$175,000","$2,602","$2,602"
1201,9/4/2015,Heroes of Dirt,"$175,000",$0,$0
1202,6/3/2016,The Fits,"$170,000","$166,425","$169,242"
1203,12/31/2015,Lumea e a mea,"$168,000",$0,"$29,827"
1204,4/17/2015,Antarctic Edge: 70Âº South,"$150,000","$7,193","$7,193"
1205,8/21/2015,Top Spin,"$150,000","$5,858","$5,858"
1206,12/31/2013,Speak No Evil,"$150,000",$0,"$32,927"
1207,5/3/2013,Aroused,"$150,000",$0,$0
1208,12/31/2015,Escaping the Holocost,"$150,000",$0,$0
1209,7/18/2014,An American in Hollywood,"$125,000",$0,$0
1210,8/11/2015,The Brain That Sings,"$125,000",$0,$0
1211,12/31/2015,Romantic Schemer,"$125,000",$0,$0
1212,5/24/2016,Une Femme MariÃ©e,"$120,000",$0,$0
1213,7/10/2015,The Gallows,"$100,000","$22,764,410","$41,753,881"
1214,3/21/2014,Cheap Thrills,"$100,000","$59,424","$59,424"
1215,6/19/2014,The Past is a Grotesque Animal,"$100,000","$20,056","$20,056"
1216,12/31/2014,"Dude, Where's My Dog","$100,000",$0,$0
1217,12/31/2013,Echo Dr.,"$100,000",$0,$0
1218,3/17/2015,Closure,"$100,000",$0,$0
1219,12/31/2015,Lunchtime Heroes,"$100,000",$0,$0
1220,3/25/2015,Open Secret,"$100,000",$0,$0
1221,11/10/2015,The Night Visitor,"$100,000",$0,$0
1222,7/7/2015,Tiger Orange,"$100,000",$0,$0
1223,7/17/2015,Dawn of the Crescent Moon,"$75,000","$8,799","$8,799"
1224,9/29/2015,Queen Crab,"$75,000",$0,$0
1225,7/25/2014,Happy Christmas,"$70,000","$30,312","$30,312"
1226,1/25/2013,Supporting Characters,"$60,000","$4,917","$4,917"
1227,12/22/2015,The Brain That Wouldn't Die,"$60,000",$0,$0
1228,10/4/2013,The Dirties,"$55,000",$0,$0
1229,7/31/2015,Counting,"$50,000","$8,374","$8,374"
1230,8/4/2015,Bending Steel,"$50,000",$0,$0
1231,9/1/2015,"Run, Hide, Die","$50,000",$0,$0
1232,12/31/2014,The Image Revolution,"$50,000",$0,$0
1233,10/25/2013,A True Story,"$45,000",$0,$0
1234,6/21/2013,This Is Martin Bonner,"$42,000",$0,$0
1235,10/25/2013,Her Cry: La Llorona Investigation,"$35,000",$0,$0
1236,12/31/2014,Happy 40th,"$35,000",$0,$0
1237,12/31/2013,Paraphobia,"$30,000",$0,$0
1238,1/27/2017,Emily,"$27,000","$3,547","$3,547"
